origin1-1,gpt2-large,0.2,0.70477104
origin1-1,gpt2-large,1.3,0.5592506
origin1-2,gpt2-large,0.2,0.7550816
origin1-2,gpt2-large,1.3,0.5357887
origin1-3,gpt2-large,0.2,0.662795
origin1-3,gpt2-large,1.3,0.54167885
origin1-4,gpt2-large,0.2,0.6235574
origin1-4,gpt2-large,1.3,0.53796303
origin1-5,gpt2-large,0.2,0.7527357
origin1-5,gpt2-large,1.3,0.47066548
origin10-1,gpt2-large,0.2,0.603453
origin10-1,gpt2-large,1.3,0.55717313
origin10-2,gpt2-large,0.2,0.5033353
origin10-2,gpt2-large,1.3,0.5193502
origin10-3,gpt2-large,0.2,0.65268975
origin10-3,gpt2-large,1.3,0.572755
origin10-4,gpt2-large,0.2,0.5892316
origin10-4,gpt2-large,1.3,0.6614805
origin10-5,gpt2-large,0.2,0.574798
origin10-5,gpt2-large,1.3,0.4766774
origin2-1,gpt2-large,0.2,0.76024073
origin2-1,gpt2-large,1.3,0.52609897
origin2-2,gpt2-large,0.2,0.7293747
origin2-2,gpt2-large,1.3,0.57462615
origin2-3,gpt2-large,0.2,0.65443486
origin2-3,gpt2-large,1.3,0.47945052
origin2-4,gpt2-large,0.2,0.70118743
origin2-4,gpt2-large,1.3,0.5196249
origin2-5,gpt2-large,0.2,0.7191823
origin2-5,gpt2-large,1.3,0.47823393
origin3-1,gpt2-large,0.2,0.74019134
origin3-1,gpt2-large,1.3,0.5096388
origin3-2,gpt2-large,0.2,0.5792753
origin3-2,gpt2-large,1.3,0.5809408
origin3-3,gpt2-large,0.2,0.6940338
origin3-3,gpt2-large,1.3,0.519938
origin3-4,gpt2-large,0.2,0.7313371
origin3-4,gpt2-large,1.3,0.5789426
origin3-5,gpt2-large,0.2,0.74591464
origin3-5,gpt2-large,1.3,0.56648844
origin4-1,gpt2-large,0.2,0.6422943
origin4-1,gpt2-large,1.3,0.5805365
origin4-2,gpt2-large,0.2,0.7880824
origin4-2,gpt2-large,1.3,0.6278043
origin4-3,gpt2-large,0.2,0.7836128
origin4-3,gpt2-large,1.3,0.56546515
origin4-4,gpt2-large,0.2,0.65631866
origin4-4,gpt2-large,1.3,0.5398903
origin4-5,gpt2-large,0.2,0.7442446
origin4-5,gpt2-large,1.3,0.53051114
origin5-1,gpt2-large,0.2,0.61834145
origin5-1,gpt2-large,1.3,0.61909926
origin5-2,gpt2-large,0.2,0.60580283
origin5-2,gpt2-large,1.3,0.56662023
origin5-3,gpt2-large,0.2,0.5068446
origin5-3,gpt2-large,1.3,0.5162981
origin5-4,gpt2-large,0.2,0.68228966
origin5-4,gpt2-large,1.3,0.62605417
origin5-5,gpt2-large,0.2,0.7694473
origin5-5,gpt2-large,1.3,0.5529599
origin6-1,gpt2-large,0.2,0.68644184
origin6-1,gpt2-large,1.3,0.6199835
origin6-2,gpt2-large,0.2,0.5891894
origin6-2,gpt2-large,1.3,0.5311196
origin6-3,gpt2-large,0.2,0.7362473
origin6-3,gpt2-large,1.3,0.5408691
origin6-4,gpt2-large,0.2,0.6440825
origin6-4,gpt2-large,1.3,0.51212573
origin6-5,gpt2-large,0.2,0.7497226
origin6-5,gpt2-large,1.3,0.5225566
origin7-1,gpt2-large,0.2,0.6330769
origin7-1,gpt2-large,1.3,0.4681801
origin7-2,gpt2-large,0.2,0.7044158
origin7-2,gpt2-large,1.3,0.5854853
origin7-3,gpt2-large,0.2,0.75467575
origin7-3,gpt2-large,1.3,0.5341929
origin7-4,gpt2-large,0.2,0.7833278
origin7-4,gpt2-large,1.3,0.5321842
origin7-5,gpt2-large,0.2,0.710351
origin7-5,gpt2-large,1.3,0.6026117
origin8-1,gpt2-large,0.2,0.78363466
origin8-1,gpt2-large,1.3,0.49638912
origin8-2,gpt2-large,0.2,0.79952
origin8-2,gpt2-large,1.3,0.512874
origin8-3,gpt2-large,0.2,0.60597384
origin8-3,gpt2-large,1.3,0.5761641
origin8-4,gpt2-large,0.2,0.8248778
origin8-4,gpt2-large,1.3,0.56214744
origin8-5,gpt2-large,0.2,0.80575705
origin8-5,gpt2-large,1.3,0.5912248
origin9-1,gpt2-large,0.2,0.6671231
origin9-1,gpt2-large,1.3,0.55973774
origin9-2,gpt2-large,0.2,0.81700176
origin9-2,gpt2-large,1.3,0.57239026
origin9-3,gpt2-large,0.2,0.7321813
origin9-3,gpt2-large,1.3,0.60150677
origin9-4,gpt2-large,0.2,0.8069145
origin9-4,gpt2-large,1.3,0.59611946
origin9-5,gpt2-large,0.2,0.7003366
origin9-5,gpt2-large,1.3,0.50384945
origin1-1,EleutherAI_gpt-neo-1.3B,0.2,0.74067193
origin1-1,EleutherAI_gpt-neo-1.3B,1.3,0.60146576
origin1-2,EleutherAI_gpt-neo-1.3B,0.2,0.8255342
origin1-2,EleutherAI_gpt-neo-1.3B,1.3,0.6008292
origin1-3,EleutherAI_gpt-neo-1.3B,0.2,0.7776213
origin1-3,EleutherAI_gpt-neo-1.3B,1.3,0.5329914
origin1-4,EleutherAI_gpt-neo-1.3B,0.2,0.74154127
origin1-4,EleutherAI_gpt-neo-1.3B,1.3,0.50619197
origin1-5,EleutherAI_gpt-neo-1.3B,0.2,0.76987314
origin1-5,EleutherAI_gpt-neo-1.3B,1.3,0.5770912
origin10-1,EleutherAI_gpt-neo-1.3B,0.2,0.6530237
origin10-1,EleutherAI_gpt-neo-1.3B,1.3,0.58990276
origin10-2,EleutherAI_gpt-neo-1.3B,0.2,0.7794504
origin10-2,EleutherAI_gpt-neo-1.3B,1.3,0.5652695
origin10-3,EleutherAI_gpt-neo-1.3B,0.2,0.7023664
origin10-3,EleutherAI_gpt-neo-1.3B,1.3,0.52152026
origin10-4,EleutherAI_gpt-neo-1.3B,0.2,0.69012856
origin10-4,EleutherAI_gpt-neo-1.3B,1.3,0.522947
origin10-5,EleutherAI_gpt-neo-1.3B,0.2,0.7494762
origin10-5,EleutherAI_gpt-neo-1.3B,1.3,0.54749405
origin2-1,EleutherAI_gpt-neo-1.3B,0.2,0.71786064
origin2-1,EleutherAI_gpt-neo-1.3B,1.3,0.50836056
origin2-2,EleutherAI_gpt-neo-1.3B,0.2,0.75674844
origin2-2,EleutherAI_gpt-neo-1.3B,1.3,0.4668937
origin2-3,EleutherAI_gpt-neo-1.3B,0.2,0.53819764
origin2-3,EleutherAI_gpt-neo-1.3B,1.3,0.54031295
origin2-4,EleutherAI_gpt-neo-1.3B,0.2,0.7338544
origin2-4,EleutherAI_gpt-neo-1.3B,1.3,0.56960034
origin2-5,EleutherAI_gpt-neo-1.3B,0.2,0.7321213
origin2-5,EleutherAI_gpt-neo-1.3B,1.3,0.52531826
origin3-1,EleutherAI_gpt-neo-1.3B,0.2,0.7482555
origin3-1,EleutherAI_gpt-neo-1.3B,1.3,0.5577546
origin3-2,EleutherAI_gpt-neo-1.3B,0.2,0.73633605
origin3-2,EleutherAI_gpt-neo-1.3B,1.3,0.5826597
origin3-3,EleutherAI_gpt-neo-1.3B,0.2,0.742522
origin3-3,EleutherAI_gpt-neo-1.3B,1.3,0.5611196
origin3-4,EleutherAI_gpt-neo-1.3B,0.2,0.7019421
origin3-4,EleutherAI_gpt-neo-1.3B,1.3,0.5454789
origin3-5,EleutherAI_gpt-neo-1.3B,0.2,0.6161847
origin3-5,EleutherAI_gpt-neo-1.3B,1.3,0.60370046
origin4-1,EleutherAI_gpt-neo-1.3B,0.2,0.62396646
origin4-1,EleutherAI_gpt-neo-1.3B,1.3,0.56172556
origin4-2,EleutherAI_gpt-neo-1.3B,0.2,0.7341217
origin4-2,EleutherAI_gpt-neo-1.3B,1.3,0.608414
origin4-3,EleutherAI_gpt-neo-1.3B,0.2,0.71677625
origin4-3,EleutherAI_gpt-neo-1.3B,1.3,0.4721458
origin4-4,EleutherAI_gpt-neo-1.3B,0.2,0.55508846
origin4-4,EleutherAI_gpt-neo-1.3B,1.3,0.54315645
origin4-5,EleutherAI_gpt-neo-1.3B,0.2,0.7634202
origin4-5,EleutherAI_gpt-neo-1.3B,1.3,0.57570356
origin5-1,EleutherAI_gpt-neo-1.3B,0.2,0.65755963
origin5-1,EleutherAI_gpt-neo-1.3B,1.3,0.57685286
origin5-2,EleutherAI_gpt-neo-1.3B,0.2,0.7568503
origin5-2,EleutherAI_gpt-neo-1.3B,1.3,0.46928006
origin5-3,EleutherAI_gpt-neo-1.3B,0.2,0.759256
origin5-3,EleutherAI_gpt-neo-1.3B,1.3,0.57659155
origin5-4,EleutherAI_gpt-neo-1.3B,0.2,0.7385842
origin5-4,EleutherAI_gpt-neo-1.3B,1.3,0.5380759
origin5-5,EleutherAI_gpt-neo-1.3B,0.2,0.64326155
origin5-5,EleutherAI_gpt-neo-1.3B,1.3,0.58253545
origin6-1,EleutherAI_gpt-neo-1.3B,0.2,0.7401678
origin6-1,EleutherAI_gpt-neo-1.3B,1.3,0.5633645
origin6-2,EleutherAI_gpt-neo-1.3B,0.2,0.7214097
origin6-2,EleutherAI_gpt-neo-1.3B,1.3,0.49418923
origin6-3,EleutherAI_gpt-neo-1.3B,0.2,0.7264474
origin6-3,EleutherAI_gpt-neo-1.3B,1.3,0.50446516
origin6-4,EleutherAI_gpt-neo-1.3B,0.2,0.7412452
origin6-4,EleutherAI_gpt-neo-1.3B,1.3,0.4753075
origin6-5,EleutherAI_gpt-neo-1.3B,0.2,0.7443019
origin6-5,EleutherAI_gpt-neo-1.3B,1.3,0.49694574
origin7-1,EleutherAI_gpt-neo-1.3B,0.2,0.6623665
origin7-1,EleutherAI_gpt-neo-1.3B,1.3,0.5402529
origin7-2,EleutherAI_gpt-neo-1.3B,0.2,0.7540079
origin7-2,EleutherAI_gpt-neo-1.3B,1.3,0.6440117
origin7-3,EleutherAI_gpt-neo-1.3B,0.2,0.7912641
origin7-3,EleutherAI_gpt-neo-1.3B,1.3,0.6112528
origin7-4,EleutherAI_gpt-neo-1.3B,0.2,0.8400825
origin7-4,EleutherAI_gpt-neo-1.3B,1.3,0.55615157
origin7-5,EleutherAI_gpt-neo-1.3B,0.2,0.7781
origin7-5,EleutherAI_gpt-neo-1.3B,1.3,0.51453805
origin8-1,EleutherAI_gpt-neo-1.3B,0.2,0.7488566
origin8-1,EleutherAI_gpt-neo-1.3B,1.3,0.43292513
origin8-2,EleutherAI_gpt-neo-1.3B,0.2,0.6942864
origin8-2,EleutherAI_gpt-neo-1.3B,1.3,0.48782873
origin8-3,EleutherAI_gpt-neo-1.3B,0.2,0.8061236
origin8-3,EleutherAI_gpt-neo-1.3B,1.3,0.50898314
origin8-4,EleutherAI_gpt-neo-1.3B,0.2,0.69012064
origin8-4,EleutherAI_gpt-neo-1.3B,1.3,0.47830305
origin8-5,EleutherAI_gpt-neo-1.3B,0.2,0.6970267
origin8-5,EleutherAI_gpt-neo-1.3B,1.3,0.58957535
origin9-1,EleutherAI_gpt-neo-1.3B,0.2,0.73109406
origin9-1,EleutherAI_gpt-neo-1.3B,1.3,0.5221836
origin9-2,EleutherAI_gpt-neo-1.3B,0.2,0.6832459
origin9-2,EleutherAI_gpt-neo-1.3B,1.3,0.5788652
origin9-3,EleutherAI_gpt-neo-1.3B,0.2,0.69695073
origin9-3,EleutherAI_gpt-neo-1.3B,1.3,0.5341283
origin9-4,EleutherAI_gpt-neo-1.3B,0.2,0.7669429
origin9-4,EleutherAI_gpt-neo-1.3B,1.3,0.47531134
origin9-5,EleutherAI_gpt-neo-1.3B,0.2,0.72800475
origin9-5,EleutherAI_gpt-neo-1.3B,1.3,0.5969584
origin1-1,gpt-3.5-turbo,0.2,0.49832365
origin1-1,gpt-3.5-turbo,1.3,0.46009147
origin1-2,gpt-3.5-turbo,0.2,0.25204173
origin1-2,gpt-3.5-turbo,1.3,0.26669806
origin1-3,gpt-3.5-turbo,0.2,0.26834407
origin1-3,gpt-3.5-turbo,1.3,0.30113736
origin1-4,gpt-3.5-turbo,0.2,0.20839807
origin1-4,gpt-3.5-turbo,1.3,0.22202815
origin1-5,gpt-3.5-turbo,0.2,0.3125897
origin1-5,gpt-3.5-turbo,1.3,0.29225838
origin10-1,gpt-3.5-turbo,0.2,0.45155945
origin10-1,gpt-3.5-turbo,1.3,0.3908632
origin10-2,gpt-3.5-turbo,0.2,0.41045025
origin10-2,gpt-3.5-turbo,1.3,0.46249267
origin10-3,gpt-3.5-turbo,0.2,0.47273183
origin10-3,gpt-3.5-turbo,1.3,0.48285723
origin10-4,gpt-3.5-turbo,0.2,0.4735399
origin10-4,gpt-3.5-turbo,1.3,0.47884884
origin10-5,gpt-3.5-turbo,0.2,0.558554
origin10-5,gpt-3.5-turbo,1.3,0.5173538
origin2-1,gpt-3.5-turbo,0.2,0.3319721
origin2-1,gpt-3.5-turbo,1.3,0.3471073
origin2-2,gpt-3.5-turbo,0.2,0.31743777
origin2-2,gpt-3.5-turbo,1.3,0.3155868
origin2-3,gpt-3.5-turbo,0.2,0.44675744
origin2-3,gpt-3.5-turbo,1.3,0.4482238
origin2-4,gpt-3.5-turbo,0.2,0.33524898
origin2-4,gpt-3.5-turbo,1.3,0.360393
origin2-5,gpt-3.5-turbo,0.2,0.4076344
origin2-5,gpt-3.5-turbo,1.3,0.4344041
origin3-1,gpt-3.5-turbo,0.2,0.2987591
origin3-1,gpt-3.5-turbo,1.3,0.3149489
origin3-2,gpt-3.5-turbo,0.2,0.4620221
origin3-2,gpt-3.5-turbo,1.3,0.36940467
origin3-3,gpt-3.5-turbo,0.2,0.3453646
origin3-3,gpt-3.5-turbo,1.3,0.36157167
origin3-4,gpt-3.5-turbo,0.2,0.3385313
origin3-4,gpt-3.5-turbo,1.3,0.37820753
origin3-5,gpt-3.5-turbo,0.2,0.37815985
origin3-5,gpt-3.5-turbo,1.3,0.3703511
origin4-1,gpt-3.5-turbo,0.2,0.38985577
origin4-1,gpt-3.5-turbo,1.3,0.39052945
origin4-2,gpt-3.5-turbo,0.2,0.2807286
origin4-2,gpt-3.5-turbo,1.3,0.32850263
origin4-3,gpt-3.5-turbo,0.2,0.3136723
origin4-3,gpt-3.5-turbo,1.3,0.3411358
origin4-4,gpt-3.5-turbo,0.2,0.37652588
origin4-4,gpt-3.5-turbo,1.3,0.38762352
origin4-5,gpt-3.5-turbo,0.2,0.37349007
origin4-5,gpt-3.5-turbo,1.3,0.4069331
origin5-1,gpt-3.5-turbo,0.2,0.30787274
origin5-1,gpt-3.5-turbo,1.3,0.27767375
origin5-2,gpt-3.5-turbo,0.2,0.4037807
origin5-2,gpt-3.5-turbo,1.3,0.4198718
origin5-3,gpt-3.5-turbo,0.2,0.3189284
origin5-3,gpt-3.5-turbo,1.3,0.34977335
origin5-4,gpt-3.5-turbo,0.2,0.47591516
origin5-4,gpt-3.5-turbo,1.3,0.5049046
origin5-5,gpt-3.5-turbo,0.2,0.43655577
origin5-5,gpt-3.5-turbo,1.3,0.4660523
origin6-1,gpt-3.5-turbo,0.2,0.28251997
origin6-1,gpt-3.5-turbo,1.3,0.30034527
origin6-2,gpt-3.5-turbo,0.2,0.446221
origin6-2,gpt-3.5-turbo,1.3,0.3960656
origin6-3,gpt-3.5-turbo,0.2,0.47774106
origin6-3,gpt-3.5-turbo,1.3,0.45434576
origin6-4,gpt-3.5-turbo,0.2,0.46974018
origin6-4,gpt-3.5-turbo,1.3,0.4803311
origin6-5,gpt-3.5-turbo,0.2,0.5173095
origin6-5,gpt-3.5-turbo,1.3,0.51925427
origin7-1,gpt-3.5-turbo,0.2,0.2945304
origin7-1,gpt-3.5-turbo,1.3,0.29032248
origin7-2,gpt-3.5-turbo,0.2,0.45972544
origin7-2,gpt-3.5-turbo,1.3,0.5103067
origin7-3,gpt-3.5-turbo,0.2,0.4278848
origin7-3,gpt-3.5-turbo,1.3,0.5178118
origin7-4,gpt-3.5-turbo,0.2,0.53199375
origin7-4,gpt-3.5-turbo,1.3,0.47278458
origin7-5,gpt-3.5-turbo,0.2,0.534242
origin7-5,gpt-3.5-turbo,1.3,0.5085893
origin8-1,gpt-3.5-turbo,0.2,0.32767928
origin8-1,gpt-3.5-turbo,1.3,0.3636511
origin8-2,gpt-3.5-turbo,0.2,0.50638527
origin8-2,gpt-3.5-turbo,1.3,0.5144856
origin8-3,gpt-3.5-turbo,0.2,0.55738693
origin8-3,gpt-3.5-turbo,1.3,0.57059413
origin8-4,gpt-3.5-turbo,0.2,0.5647184
origin8-4,gpt-3.5-turbo,1.3,0.6172747
origin8-5,gpt-3.5-turbo,0.2,0.5621795
origin8-5,gpt-3.5-turbo,1.3,0.5799411
origin9-1,gpt-3.5-turbo,0.2,0.40017387
origin9-1,gpt-3.5-turbo,1.3,0.4114951
origin9-2,gpt-3.5-turbo,0.2,0.6500786
origin9-2,gpt-3.5-turbo,1.3,0.6631326
origin9-3,gpt-3.5-turbo,0.2,0.5782577
origin9-3,gpt-3.5-turbo,1.3,0.6012647
origin9-4,gpt-3.5-turbo,0.2,0.6347239
origin9-4,gpt-3.5-turbo,1.3,0.6305041
origin9-5,gpt-3.5-turbo,0.2,0.43449914
origin9-5,gpt-3.5-turbo,1.3,0.4436947
origin1-1,meta-llama_Llama-2-7b-chat-hf,0.2,0.44852793
origin1-1,meta-llama_Llama-2-7b-chat-hf,1.3,0.51040125
origin1-2,meta-llama_Llama-2-7b-chat-hf,0.2,0.27506435
origin1-2,meta-llama_Llama-2-7b-chat-hf,1.3,0.35423714
origin1-3,meta-llama_Llama-2-7b-chat-hf,0.2,0.27401122
origin1-3,meta-llama_Llama-2-7b-chat-hf,1.3,0.31801438
origin1-4,meta-llama_Llama-2-7b-chat-hf,0.2,0.19398832
origin1-4,meta-llama_Llama-2-7b-chat-hf,1.3,0.3008693
origin1-5,meta-llama_Llama-2-7b-chat-hf,0.2,0.29497588
origin1-5,meta-llama_Llama-2-7b-chat-hf,1.3,0.29591152
origin10-1,meta-llama_Llama-2-7b-chat-hf,0.2,0.35439286
origin10-1,meta-llama_Llama-2-7b-chat-hf,1.3,0.425922
origin10-2,meta-llama_Llama-2-7b-chat-hf,0.2,0.33812773
origin10-2,meta-llama_Llama-2-7b-chat-hf,1.3,0.32125825
origin10-3,meta-llama_Llama-2-7b-chat-hf,0.2,0.36722004
origin10-3,meta-llama_Llama-2-7b-chat-hf,1.3,0.47429723
origin10-4,meta-llama_Llama-2-7b-chat-hf,0.2,0.41145086
origin10-4,meta-llama_Llama-2-7b-chat-hf,1.3,0.5284738
origin10-5,meta-llama_Llama-2-7b-chat-hf,0.2,0.52342755
origin10-5,meta-llama_Llama-2-7b-chat-hf,1.3,0.55371785
origin2-1,meta-llama_Llama-2-7b-chat-hf,0.2,0.3654404
origin2-1,meta-llama_Llama-2-7b-chat-hf,1.3,0.4517528
origin2-2,meta-llama_Llama-2-7b-chat-hf,0.2,0.30784142
origin2-2,meta-llama_Llama-2-7b-chat-hf,1.3,0.38903955
origin2-3,meta-llama_Llama-2-7b-chat-hf,0.2,0.37297022
origin2-3,meta-llama_Llama-2-7b-chat-hf,1.3,0.44948766
origin2-4,meta-llama_Llama-2-7b-chat-hf,0.2,0.45876706
origin2-4,meta-llama_Llama-2-7b-chat-hf,1.3,0.47162777
origin2-5,meta-llama_Llama-2-7b-chat-hf,0.2,0.36951047
origin2-5,meta-llama_Llama-2-7b-chat-hf,1.3,0.4246851
origin3-1,meta-llama_Llama-2-7b-chat-hf,0.2,0.29716393
origin3-1,meta-llama_Llama-2-7b-chat-hf,1.3,0.2979509
origin3-2,meta-llama_Llama-2-7b-chat-hf,0.2,0.35618308
origin3-2,meta-llama_Llama-2-7b-chat-hf,1.3,0.3794388
origin3-3,meta-llama_Llama-2-7b-chat-hf,0.2,0.32083422
origin3-3,meta-llama_Llama-2-7b-chat-hf,1.3,0.41495198
origin3-4,meta-llama_Llama-2-7b-chat-hf,0.2,0.35171568
origin3-4,meta-llama_Llama-2-7b-chat-hf,1.3,0.36526167
origin3-5,meta-llama_Llama-2-7b-chat-hf,0.2,0.3450613
origin3-5,meta-llama_Llama-2-7b-chat-hf,1.3,0.3821289
origin4-1,meta-llama_Llama-2-7b-chat-hf,0.2,0.3299701
origin4-1,meta-llama_Llama-2-7b-chat-hf,1.3,0.3534693
origin4-2,meta-llama_Llama-2-7b-chat-hf,0.2,0.3225719
origin4-2,meta-llama_Llama-2-7b-chat-hf,1.3,0.5642014
origin4-3,meta-llama_Llama-2-7b-chat-hf,0.2,0.35396996
origin4-3,meta-llama_Llama-2-7b-chat-hf,1.3,0.47335863
origin4-4,meta-llama_Llama-2-7b-chat-hf,0.2,0.47662273
origin4-4,meta-llama_Llama-2-7b-chat-hf,1.3,0.47979295
origin4-5,meta-llama_Llama-2-7b-chat-hf,0.2,0.36580935
origin4-5,meta-llama_Llama-2-7b-chat-hf,1.3,0.3642703
origin5-1,meta-llama_Llama-2-7b-chat-hf,0.2,0.24781312
origin5-1,meta-llama_Llama-2-7b-chat-hf,1.3,0.25011444
origin5-2,meta-llama_Llama-2-7b-chat-hf,0.2,0.4521594
origin5-2,meta-llama_Llama-2-7b-chat-hf,1.3,0.49745512
origin5-3,meta-llama_Llama-2-7b-chat-hf,0.2,0.36191145
origin5-3,meta-llama_Llama-2-7b-chat-hf,1.3,0.47835356
origin5-4,meta-llama_Llama-2-7b-chat-hf,0.2,0.54202706
origin5-4,meta-llama_Llama-2-7b-chat-hf,1.3,0.50499904
origin5-5,meta-llama_Llama-2-7b-chat-hf,0.2,0.55228996
origin5-5,meta-llama_Llama-2-7b-chat-hf,1.3,0.629801
origin6-1,meta-llama_Llama-2-7b-chat-hf,0.2,0.26478425
origin6-1,meta-llama_Llama-2-7b-chat-hf,1.3,0.3623671
origin6-2,meta-llama_Llama-2-7b-chat-hf,0.2,0.37763578
origin6-2,meta-llama_Llama-2-7b-chat-hf,1.3,0.44161987
origin6-3,meta-llama_Llama-2-7b-chat-hf,0.2,0.4094451
origin6-3,meta-llama_Llama-2-7b-chat-hf,1.3,0.4056685
origin6-4,meta-llama_Llama-2-7b-chat-hf,0.2,0.44023424
origin6-4,meta-llama_Llama-2-7b-chat-hf,1.3,0.45370954
origin6-5,meta-llama_Llama-2-7b-chat-hf,0.2,0.48418498
origin6-5,meta-llama_Llama-2-7b-chat-hf,1.3,0.47176027
origin7-1,meta-llama_Llama-2-7b-chat-hf,0.2,0.30016005
origin7-1,meta-llama_Llama-2-7b-chat-hf,1.3,0.31409606
origin7-2,meta-llama_Llama-2-7b-chat-hf,0.2,0.5182771
origin7-2,meta-llama_Llama-2-7b-chat-hf,1.3,0.5305618
origin7-3,meta-llama_Llama-2-7b-chat-hf,0.2,0.42970276
origin7-3,meta-llama_Llama-2-7b-chat-hf,1.3,0.48832476
origin7-4,meta-llama_Llama-2-7b-chat-hf,0.2,0.59349436
origin7-4,meta-llama_Llama-2-7b-chat-hf,1.3,0.6118314
origin7-5,meta-llama_Llama-2-7b-chat-hf,0.2,0.4799466
origin7-5,meta-llama_Llama-2-7b-chat-hf,1.3,0.58957684
origin8-1,meta-llama_Llama-2-7b-chat-hf,0.2,0.38906723
origin8-1,meta-llama_Llama-2-7b-chat-hf,1.3,0.35374215
origin8-2,meta-llama_Llama-2-7b-chat-hf,0.2,0.50991505
origin8-2,meta-llama_Llama-2-7b-chat-hf,1.3,0.5282845
origin8-3,meta-llama_Llama-2-7b-chat-hf,0.2,0.52199614
origin8-3,meta-llama_Llama-2-7b-chat-hf,1.3,0.5715607
origin8-4,meta-llama_Llama-2-7b-chat-hf,0.2,0.6307774
origin8-4,meta-llama_Llama-2-7b-chat-hf,1.3,0.6139116
origin8-5,meta-llama_Llama-2-7b-chat-hf,0.2,0.58215344
origin8-5,meta-llama_Llama-2-7b-chat-hf,1.3,0.6358175
origin9-1,meta-llama_Llama-2-7b-chat-hf,0.2,0.3854443
origin9-1,meta-llama_Llama-2-7b-chat-hf,1.3,0.39536965
origin9-2,meta-llama_Llama-2-7b-chat-hf,0.2,0.6048685
origin9-2,meta-llama_Llama-2-7b-chat-hf,1.3,0.62412924
origin9-3,meta-llama_Llama-2-7b-chat-hf,0.2,0.54332995
origin9-3,meta-llama_Llama-2-7b-chat-hf,1.3,0.56112146
origin9-4,meta-llama_Llama-2-7b-chat-hf,0.2,0.60284495
origin9-4,meta-llama_Llama-2-7b-chat-hf,1.3,0.6127877
origin9-5,meta-llama_Llama-2-7b-chat-hf,0.2,0.47813436
origin9-5,meta-llama_Llama-2-7b-chat-hf,1.3,0.45717853
origin1-1,mistralai_Mistral-7B-Instruct-v0.2,0.2,0.4224878
origin1-1,mistralai_Mistral-7B-Instruct-v0.2,1.3,0.45288414
origin1-2,mistralai_Mistral-7B-Instruct-v0.2,0.2,0.2936015
origin1-2,mistralai_Mistral-7B-Instruct-v0.2,1.3,0.27669522
origin1-3,mistralai_Mistral-7B-Instruct-v0.2,0.2,0.29323554
origin1-3,mistralai_Mistral-7B-Instruct-v0.2,1.3,0.32815093
origin1-4,mistralai_Mistral-7B-Instruct-v0.2,0.2,0.20425582
origin1-4,mistralai_Mistral-7B-Instruct-v0.2,1.3,0.26422703
origin1-5,mistralai_Mistral-7B-Instruct-v0.2,0.2,0.29044333
origin1-5,mistralai_Mistral-7B-Instruct-v0.2,1.3,0.3325552
origin10-1,mistralai_Mistral-7B-Instruct-v0.2,0.2,0.33923426
origin10-1,mistralai_Mistral-7B-Instruct-v0.2,1.3,0.36403853
origin10-2,mistralai_Mistral-7B-Instruct-v0.2,0.2,0.3194349
origin10-2,mistralai_Mistral-7B-Instruct-v0.2,1.3,0.31324476
origin10-3,mistralai_Mistral-7B-Instruct-v0.2,0.2,0.4113015
origin10-3,mistralai_Mistral-7B-Instruct-v0.2,1.3,0.47312883
origin10-4,mistralai_Mistral-7B-Instruct-v0.2,0.2,0.4183051
origin10-4,mistralai_Mistral-7B-Instruct-v0.2,1.3,0.44782737
origin10-5,mistralai_Mistral-7B-Instruct-v0.2,0.2,0.53344303
origin10-5,mistralai_Mistral-7B-Instruct-v0.2,1.3,0.5233955
origin2-1,mistralai_Mistral-7B-Instruct-v0.2,0.2,0.37889713
origin2-1,mistralai_Mistral-7B-Instruct-v0.2,1.3,0.39433953
origin2-2,mistralai_Mistral-7B-Instruct-v0.2,0.2,0.30732924
origin2-2,mistralai_Mistral-7B-Instruct-v0.2,1.3,0.37278596
origin2-3,mistralai_Mistral-7B-Instruct-v0.2,0.2,0.3919615
origin2-3,mistralai_Mistral-7B-Instruct-v0.2,1.3,0.4290321
origin2-4,mistralai_Mistral-7B-Instruct-v0.2,0.2,0.42058328
origin2-4,mistralai_Mistral-7B-Instruct-v0.2,1.3,0.4059279
origin2-5,mistralai_Mistral-7B-Instruct-v0.2,0.2,0.41397706
origin2-5,mistralai_Mistral-7B-Instruct-v0.2,1.3,0.40041038
origin3-1,mistralai_Mistral-7B-Instruct-v0.2,0.2,0.3171251
origin3-1,mistralai_Mistral-7B-Instruct-v0.2,1.3,0.34556755
origin3-2,mistralai_Mistral-7B-Instruct-v0.2,0.2,0.37121096
origin3-2,mistralai_Mistral-7B-Instruct-v0.2,1.3,0.4047069
origin3-3,mistralai_Mistral-7B-Instruct-v0.2,0.2,0.323038
origin3-3,mistralai_Mistral-7B-Instruct-v0.2,1.3,0.3873329
origin3-4,mistralai_Mistral-7B-Instruct-v0.2,0.2,0.38860083
origin3-4,mistralai_Mistral-7B-Instruct-v0.2,1.3,0.38596773
origin3-5,mistralai_Mistral-7B-Instruct-v0.2,0.2,0.35653606
origin3-5,mistralai_Mistral-7B-Instruct-v0.2,1.3,0.3637079
origin4-1,mistralai_Mistral-7B-Instruct-v0.2,0.2,0.33799365
origin4-1,mistralai_Mistral-7B-Instruct-v0.2,1.3,0.33133718
origin4-2,mistralai_Mistral-7B-Instruct-v0.2,0.2,0.3450532
origin4-2,mistralai_Mistral-7B-Instruct-v0.2,1.3,0.34811577
origin4-3,mistralai_Mistral-7B-Instruct-v0.2,0.2,0.3499199
origin4-3,mistralai_Mistral-7B-Instruct-v0.2,1.3,0.4728566
origin4-4,mistralai_Mistral-7B-Instruct-v0.2,0.2,0.40939724
origin4-4,mistralai_Mistral-7B-Instruct-v0.2,1.3,0.4307591
origin4-5,mistralai_Mistral-7B-Instruct-v0.2,0.2,0.38293955
origin4-5,mistralai_Mistral-7B-Instruct-v0.2,1.3,0.37765574
origin5-1,mistralai_Mistral-7B-Instruct-v0.2,0.2,0.22426517
origin5-1,mistralai_Mistral-7B-Instruct-v0.2,1.3,0.2544221
origin5-2,mistralai_Mistral-7B-Instruct-v0.2,0.2,0.41531095
origin5-2,mistralai_Mistral-7B-Instruct-v0.2,1.3,0.45409808
origin5-3,mistralai_Mistral-7B-Instruct-v0.2,0.2,0.3342518
origin5-3,mistralai_Mistral-7B-Instruct-v0.2,1.3,0.34892637
origin5-4,mistralai_Mistral-7B-Instruct-v0.2,0.2,0.4494535
origin5-4,mistralai_Mistral-7B-Instruct-v0.2,1.3,0.45340452
origin5-5,mistralai_Mistral-7B-Instruct-v0.2,0.2,0.49785534
origin5-5,mistralai_Mistral-7B-Instruct-v0.2,1.3,0.45732528
origin6-1,mistralai_Mistral-7B-Instruct-v0.2,0.2,0.23846607
origin6-1,mistralai_Mistral-7B-Instruct-v0.2,1.3,0.3313589
origin6-2,mistralai_Mistral-7B-Instruct-v0.2,0.2,0.31156385
origin6-2,mistralai_Mistral-7B-Instruct-v0.2,1.3,0.32071897
origin6-3,mistralai_Mistral-7B-Instruct-v0.2,0.2,0.41261858
origin6-3,mistralai_Mistral-7B-Instruct-v0.2,1.3,0.44141236
origin6-4,mistralai_Mistral-7B-Instruct-v0.2,0.2,0.4643046
origin6-4,mistralai_Mistral-7B-Instruct-v0.2,1.3,0.43356925
origin6-5,mistralai_Mistral-7B-Instruct-v0.2,0.2,0.4337321
origin6-5,mistralai_Mistral-7B-Instruct-v0.2,1.3,0.4340223
origin7-1,mistralai_Mistral-7B-Instruct-v0.2,0.2,0.2606198
origin7-1,mistralai_Mistral-7B-Instruct-v0.2,1.3,0.245594
origin7-2,mistralai_Mistral-7B-Instruct-v0.2,0.2,0.50439227
origin7-2,mistralai_Mistral-7B-Instruct-v0.2,1.3,0.50355893
origin7-3,mistralai_Mistral-7B-Instruct-v0.2,0.2,0.5055591
origin7-3,mistralai_Mistral-7B-Instruct-v0.2,1.3,0.43878478
origin7-4,mistralai_Mistral-7B-Instruct-v0.2,0.2,0.50346214
origin7-4,mistralai_Mistral-7B-Instruct-v0.2,1.3,0.5658172
origin7-5,mistralai_Mistral-7B-Instruct-v0.2,0.2,0.5032445
origin7-5,mistralai_Mistral-7B-Instruct-v0.2,1.3,0.49349308
origin8-1,mistralai_Mistral-7B-Instruct-v0.2,0.2,0.3928398
origin8-1,mistralai_Mistral-7B-Instruct-v0.2,1.3,0.39531723
origin8-2,mistralai_Mistral-7B-Instruct-v0.2,0.2,0.47814643
origin8-2,mistralai_Mistral-7B-Instruct-v0.2,1.3,0.47999653
origin8-3,mistralai_Mistral-7B-Instruct-v0.2,0.2,0.4837787
origin8-3,mistralai_Mistral-7B-Instruct-v0.2,1.3,0.51544344
origin8-4,mistralai_Mistral-7B-Instruct-v0.2,0.2,0.5499838
origin8-4,mistralai_Mistral-7B-Instruct-v0.2,1.3,0.54638946
origin8-5,mistralai_Mistral-7B-Instruct-v0.2,0.2,0.6036736
origin8-5,mistralai_Mistral-7B-Instruct-v0.2,1.3,0.5989633
origin9-1,mistralai_Mistral-7B-Instruct-v0.2,0.2,0.38985607
origin9-1,mistralai_Mistral-7B-Instruct-v0.2,1.3,0.44288787
origin9-2,mistralai_Mistral-7B-Instruct-v0.2,0.2,0.5968194
origin9-2,mistralai_Mistral-7B-Instruct-v0.2,1.3,0.5818078
origin9-3,mistralai_Mistral-7B-Instruct-v0.2,0.2,0.5264856
origin9-3,mistralai_Mistral-7B-Instruct-v0.2,1.3,0.5341818
origin9-4,mistralai_Mistral-7B-Instruct-v0.2,0.2,0.5303105
origin9-4,mistralai_Mistral-7B-Instruct-v0.2,1.3,0.52177054
origin9-5,mistralai_Mistral-7B-Instruct-v0.2,0.2,0.3687325
origin9-5,mistralai_Mistral-7B-Instruct-v0.2,1.3,0.423513
origin1-1,HuggingFaceTB_SmolLM-360M,0.2,0.6523318
origin1-1,HuggingFaceTB_SmolLM-360M,1.3,0.4729145
origin1-2,HuggingFaceTB_SmolLM-360M,0.2,0.6287489
origin1-2,HuggingFaceTB_SmolLM-360M,1.3,0.5275766
origin1-3,HuggingFaceTB_SmolLM-360M,0.2,0.67731166
origin1-3,HuggingFaceTB_SmolLM-360M,1.3,0.48834127
origin1-4,HuggingFaceTB_SmolLM-360M,0.2,0.6371722
origin1-4,HuggingFaceTB_SmolLM-360M,1.3,0.51709807
origin1-5,HuggingFaceTB_SmolLM-360M,0.2,0.6918576
origin1-5,HuggingFaceTB_SmolLM-360M,1.3,0.4987599
origin10-1,HuggingFaceTB_SmolLM-360M,0.2,0.6709818
origin10-1,HuggingFaceTB_SmolLM-360M,1.3,0.5055549
origin10-2,HuggingFaceTB_SmolLM-360M,0.2,0.62861806
origin10-2,HuggingFaceTB_SmolLM-360M,1.3,0.55969405
origin10-3,HuggingFaceTB_SmolLM-360M,0.2,0.6952592
origin10-3,HuggingFaceTB_SmolLM-360M,1.3,0.4713442
origin10-4,HuggingFaceTB_SmolLM-360M,0.2,0.7149157
origin10-4,HuggingFaceTB_SmolLM-360M,1.3,0.6019893
origin10-5,HuggingFaceTB_SmolLM-360M,0.2,0.6622841
origin10-5,HuggingFaceTB_SmolLM-360M,1.3,0.5673435
origin2-1,HuggingFaceTB_SmolLM-360M,0.2,0.6963036
origin2-1,HuggingFaceTB_SmolLM-360M,1.3,0.43923455
origin2-2,HuggingFaceTB_SmolLM-360M,0.2,0.6392607
origin2-2,HuggingFaceTB_SmolLM-360M,1.3,0.4598407
origin2-3,HuggingFaceTB_SmolLM-360M,0.2,0.66683584
origin2-3,HuggingFaceTB_SmolLM-360M,1.3,0.53419024
origin2-4,HuggingFaceTB_SmolLM-360M,0.2,0.5955243
origin2-4,HuggingFaceTB_SmolLM-360M,1.3,0.47019443
origin2-5,HuggingFaceTB_SmolLM-360M,0.2,0.683626
origin2-5,HuggingFaceTB_SmolLM-360M,1.3,0.5000925
origin3-1,HuggingFaceTB_SmolLM-360M,0.2,0.6013445
origin3-1,HuggingFaceTB_SmolLM-360M,1.3,0.48893383
origin3-2,HuggingFaceTB_SmolLM-360M,0.2,0.6246921
origin3-2,HuggingFaceTB_SmolLM-360M,1.3,0.5575517
origin3-3,HuggingFaceTB_SmolLM-360M,0.2,0.6887802
origin3-3,HuggingFaceTB_SmolLM-360M,1.3,0.53785527
origin3-4,HuggingFaceTB_SmolLM-360M,0.2,0.6815766
origin3-4,HuggingFaceTB_SmolLM-360M,1.3,0.42025974
origin3-5,HuggingFaceTB_SmolLM-360M,0.2,0.6372916
origin3-5,HuggingFaceTB_SmolLM-360M,1.3,0.53561944
origin4-1,HuggingFaceTB_SmolLM-360M,0.2,0.58748865
origin4-1,HuggingFaceTB_SmolLM-360M,1.3,0.47372365
origin4-2,HuggingFaceTB_SmolLM-360M,0.2,0.63636386
origin4-2,HuggingFaceTB_SmolLM-360M,1.3,0.45315632
origin4-3,HuggingFaceTB_SmolLM-360M,0.2,0.5112335
origin4-3,HuggingFaceTB_SmolLM-360M,1.3,0.51883197
origin4-4,HuggingFaceTB_SmolLM-360M,0.2,0.58802426
origin4-4,HuggingFaceTB_SmolLM-360M,1.3,0.4739956
origin4-5,HuggingFaceTB_SmolLM-360M,0.2,0.6726605
origin4-5,HuggingFaceTB_SmolLM-360M,1.3,0.48658577
origin5-1,HuggingFaceTB_SmolLM-360M,0.2,0.5196846
origin5-1,HuggingFaceTB_SmolLM-360M,1.3,0.49021038
origin5-2,HuggingFaceTB_SmolLM-360M,0.2,0.5564808
origin5-2,HuggingFaceTB_SmolLM-360M,1.3,0.5306712
origin5-3,HuggingFaceTB_SmolLM-360M,0.2,0.57289195
origin5-3,HuggingFaceTB_SmolLM-360M,1.3,0.49575326
origin5-4,HuggingFaceTB_SmolLM-360M,0.2,0.7252651
origin5-4,HuggingFaceTB_SmolLM-360M,1.3,0.45095512
origin5-5,HuggingFaceTB_SmolLM-360M,0.2,0.6768139
origin5-5,HuggingFaceTB_SmolLM-360M,1.3,0.4150046
origin6-1,HuggingFaceTB_SmolLM-360M,0.2,0.50112396
origin6-1,HuggingFaceTB_SmolLM-360M,1.3,0.57668364
origin6-2,HuggingFaceTB_SmolLM-360M,0.2,0.5303125
origin6-2,HuggingFaceTB_SmolLM-360M,1.3,0.48036718
origin6-3,HuggingFaceTB_SmolLM-360M,0.2,0.6360799
origin6-3,HuggingFaceTB_SmolLM-360M,1.3,0.49233645
origin6-4,HuggingFaceTB_SmolLM-360M,0.2,0.5919782
origin6-4,HuggingFaceTB_SmolLM-360M,1.3,0.46843553
origin6-5,HuggingFaceTB_SmolLM-360M,0.2,0.6277197
origin6-5,HuggingFaceTB_SmolLM-360M,1.3,0.5196579
origin7-1,HuggingFaceTB_SmolLM-360M,0.2,0.61084336
origin7-1,HuggingFaceTB_SmolLM-360M,1.3,0.49487162
origin7-2,HuggingFaceTB_SmolLM-360M,0.2,0.64448273
origin7-2,HuggingFaceTB_SmolLM-360M,1.3,0.4719601
origin7-3,HuggingFaceTB_SmolLM-360M,0.2,0.68688023
origin7-3,HuggingFaceTB_SmolLM-360M,1.3,0.54412633
origin7-4,HuggingFaceTB_SmolLM-360M,0.2,0.6778207
origin7-4,HuggingFaceTB_SmolLM-360M,1.3,0.52942765
origin7-5,HuggingFaceTB_SmolLM-360M,0.2,0.68037385
origin7-5,HuggingFaceTB_SmolLM-360M,1.3,0.5093283
origin8-1,HuggingFaceTB_SmolLM-360M,0.2,0.6092359
origin8-1,HuggingFaceTB_SmolLM-360M,1.3,0.5050851
origin8-2,HuggingFaceTB_SmolLM-360M,0.2,0.6653053
origin8-2,HuggingFaceTB_SmolLM-360M,1.3,0.6386745
origin8-3,HuggingFaceTB_SmolLM-360M,0.2,0.653438
origin8-3,HuggingFaceTB_SmolLM-360M,1.3,0.53449917
origin8-4,HuggingFaceTB_SmolLM-360M,0.2,0.7031393
origin8-4,HuggingFaceTB_SmolLM-360M,1.3,0.44887644
origin8-5,HuggingFaceTB_SmolLM-360M,0.2,0.6883327
origin8-5,HuggingFaceTB_SmolLM-360M,1.3,0.55156654
origin9-1,HuggingFaceTB_SmolLM-360M,0.2,0.60781544
origin9-1,HuggingFaceTB_SmolLM-360M,1.3,0.5168456
origin9-2,HuggingFaceTB_SmolLM-360M,0.2,0.71143913
origin9-2,HuggingFaceTB_SmolLM-360M,1.3,0.53725356
origin9-3,HuggingFaceTB_SmolLM-360M,0.2,0.67358327
origin9-3,HuggingFaceTB_SmolLM-360M,1.3,0.52593136
origin9-4,HuggingFaceTB_SmolLM-360M,0.2,0.73864585
origin9-4,HuggingFaceTB_SmolLM-360M,1.3,0.5559279
origin9-5,HuggingFaceTB_SmolLM-360M,0.2,0.6637964
origin9-5,HuggingFaceTB_SmolLM-360M,1.3,0.6030004
origin1-1,microsoft_phi-2,0.2,0.5124416
origin1-1,microsoft_phi-2,1.3,0.689148
origin1-2,microsoft_phi-2,0.2,0.38517132
origin1-2,microsoft_phi-2,1.3,0.6586121
origin1-3,microsoft_phi-2,0.2,0.36095178
origin1-3,microsoft_phi-2,1.3,0.5961432
origin1-4,microsoft_phi-2,0.2,0.35975975
origin1-4,microsoft_phi-2,1.3,0.58243704
origin1-5,microsoft_phi-2,0.2,0.43078297
origin1-5,microsoft_phi-2,1.3,0.6616799
origin10-1,microsoft_phi-2,0.2,0.46191055
origin10-1,microsoft_phi-2,1.3,0.64116675
origin10-2,microsoft_phi-2,0.2,0.46136236
origin10-2,microsoft_phi-2,1.3,0.64218193
origin10-3,microsoft_phi-2,0.2,0.5508042
origin10-3,microsoft_phi-2,1.3,0.7127477
origin10-4,microsoft_phi-2,0.2,0.57203287
origin10-4,microsoft_phi-2,1.3,0.71135336
origin10-5,microsoft_phi-2,0.2,0.54031414
origin10-5,microsoft_phi-2,1.3,0.65741736
origin2-1,microsoft_phi-2,0.2,0.41173962
origin2-1,microsoft_phi-2,1.3,0.64120543
origin2-2,microsoft_phi-2,0.2,0.52804637
origin2-2,microsoft_phi-2,1.3,0.70249504
origin2-3,microsoft_phi-2,0.2,0.5073563
origin2-3,microsoft_phi-2,1.3,0.65060544
origin2-4,microsoft_phi-2,0.2,0.43964538
origin2-4,microsoft_phi-2,1.3,0.5602369
origin2-5,microsoft_phi-2,0.2,0.41902772
origin2-5,microsoft_phi-2,1.3,0.59041137
origin3-1,microsoft_phi-2,0.2,0.3435888
origin3-1,microsoft_phi-2,1.3,0.61680096
origin3-2,microsoft_phi-2,0.2,0.49334502
origin3-2,microsoft_phi-2,1.3,0.7177624
origin3-3,microsoft_phi-2,0.2,0.42445555
origin3-3,microsoft_phi-2,1.3,0.56783885
origin3-4,microsoft_phi-2,0.2,0.5182396
origin3-4,microsoft_phi-2,1.3,0.6520502
origin3-5,microsoft_phi-2,0.2,0.45726463
origin3-5,microsoft_phi-2,1.3,0.65051216
origin4-1,microsoft_phi-2,0.2,0.44984886
origin4-1,microsoft_phi-2,1.3,0.67222726
origin4-2,microsoft_phi-2,0.2,0.37665826
origin4-2,microsoft_phi-2,1.3,0.6090865
origin4-3,microsoft_phi-2,0.2,0.4491562
origin4-3,microsoft_phi-2,1.3,0.62226504
origin4-4,microsoft_phi-2,0.2,0.49880058
origin4-4,microsoft_phi-2,1.3,0.6259947
origin4-5,microsoft_phi-2,0.2,0.45458418
origin4-5,microsoft_phi-2,1.3,0.65177554
origin5-1,microsoft_phi-2,0.2,0.3522906
origin5-1,microsoft_phi-2,1.3,0.6396284
origin5-2,microsoft_phi-2,0.2,0.44085082
origin5-2,microsoft_phi-2,1.3,0.66617316
origin5-3,microsoft_phi-2,0.2,0.34507868
origin5-3,microsoft_phi-2,1.3,0.6728074
origin5-4,microsoft_phi-2,0.2,0.57563627
origin5-4,microsoft_phi-2,1.3,0.6541225
origin5-5,microsoft_phi-2,0.2,0.41378668
origin5-5,microsoft_phi-2,1.3,0.66847754
origin6-1,microsoft_phi-2,0.2,0.29046857
origin6-1,microsoft_phi-2,1.3,0.7171085
origin6-2,microsoft_phi-2,0.2,0.44956353
origin6-2,microsoft_phi-2,1.3,0.6589791
origin6-3,microsoft_phi-2,0.2,0.5621621
origin6-3,microsoft_phi-2,1.3,0.6377795
origin6-4,microsoft_phi-2,0.2,0.5439735
origin6-4,microsoft_phi-2,1.3,0.6983606
origin6-5,microsoft_phi-2,0.2,0.57023364
origin6-5,microsoft_phi-2,1.3,0.6783655
origin7-1,microsoft_phi-2,0.2,0.3402217
origin7-1,microsoft_phi-2,1.3,0.6870491
origin7-2,microsoft_phi-2,0.2,0.5988996
origin7-2,microsoft_phi-2,1.3,0.58605635
origin7-3,microsoft_phi-2,0.2,0.5887584
origin7-3,microsoft_phi-2,1.3,0.7008468
origin7-4,microsoft_phi-2,0.2,0.5867937
origin7-4,microsoft_phi-2,1.3,0.6667551
origin7-5,microsoft_phi-2,0.2,0.57473314
origin7-5,microsoft_phi-2,1.3,0.72316813
origin8-1,microsoft_phi-2,0.2,0.49222338
origin8-1,microsoft_phi-2,1.3,0.5771866
origin8-2,microsoft_phi-2,0.2,0.57017523
origin8-2,microsoft_phi-2,1.3,0.66844964
origin8-3,microsoft_phi-2,0.2,0.56629306
origin8-3,microsoft_phi-2,1.3,0.77306306
origin8-4,microsoft_phi-2,0.2,0.6087645
origin8-4,microsoft_phi-2,1.3,0.69956243
origin8-5,microsoft_phi-2,0.2,0.6052999
origin8-5,microsoft_phi-2,1.3,0.68437093
origin9-1,microsoft_phi-2,0.2,0.5549429
origin9-1,microsoft_phi-2,1.3,0.68746084
origin9-2,microsoft_phi-2,0.2,0.71062636
origin9-2,microsoft_phi-2,1.3,0.67327064
origin9-3,microsoft_phi-2,0.2,0.6637675
origin9-3,microsoft_phi-2,1.3,0.73792887
origin9-4,microsoft_phi-2,0.2,0.71297926
origin9-4,microsoft_phi-2,1.3,0.68626165
origin9-5,microsoft_phi-2,0.2,0.42649856
origin9-5,microsoft_phi-2,1.3,0.63810575
origin1-1,mythomax-I2-13B-Q6,0.2,0.43347734
origin1-1,mythomax-I2-13B-Q6,1.3,0.498101
origin1-2,mythomax-I2-13B-Q6,0.2,0.23793371
origin1-2,mythomax-I2-13B-Q6,1.3,0.29270604
origin1-3,mythomax-I2-13B-Q6,0.2,0.37688708
origin1-3,mythomax-I2-13B-Q6,1.3,0.38291427
origin1-4,mythomax-I2-13B-Q6,0.2,0.32415804
origin1-4,mythomax-I2-13B-Q6,1.3,0.2968803
origin1-5,mythomax-I2-13B-Q6,0.2,0.48186827
origin1-5,mythomax-I2-13B-Q6,1.3,0.5288755
origin10-1,mythomax-I2-13B-Q6,0.2,0.44693676
origin10-1,mythomax-I2-13B-Q6,1.3,0.4836699
origin10-2,mythomax-I2-13B-Q6,0.2,0.4897708
origin10-2,mythomax-I2-13B-Q6,1.3,0.49476826
origin10-3,mythomax-I2-13B-Q6,0.2,0.40397874
origin10-3,mythomax-I2-13B-Q6,1.3,0.44164172
origin10-4,mythomax-I2-13B-Q6,0.2,0.51284236
origin10-4,mythomax-I2-13B-Q6,1.3,0.5329637
origin10-5,mythomax-I2-13B-Q6,0.2,0.5253917
origin10-5,mythomax-I2-13B-Q6,1.3,0.5713103
origin2-1,mythomax-I2-13B-Q6,0.2,0.33237568
origin2-1,mythomax-I2-13B-Q6,1.3,0.3776807
origin2-2,mythomax-I2-13B-Q6,0.2,0.35521138
origin2-2,mythomax-I2-13B-Q6,1.3,0.3538769
origin2-3,mythomax-I2-13B-Q6,0.2,0.39919832
origin2-3,mythomax-I2-13B-Q6,1.3,0.38391712
origin2-4,mythomax-I2-13B-Q6,0.2,0.41772524
origin2-4,mythomax-I2-13B-Q6,1.3,0.42533022
origin2-5,mythomax-I2-13B-Q6,0.2,0.4243778
origin2-5,mythomax-I2-13B-Q6,1.3,0.46697295
origin3-1,mythomax-I2-13B-Q6,0.2,0.29652083
origin3-1,mythomax-I2-13B-Q6,1.3,0.29456156
origin3-2,mythomax-I2-13B-Q6,0.2,0.44456604
origin3-2,mythomax-I2-13B-Q6,1.3,0.39709985
origin3-3,mythomax-I2-13B-Q6,0.2,0.32908884
origin3-3,mythomax-I2-13B-Q6,1.3,0.33731115
origin3-4,mythomax-I2-13B-Q6,0.2,0.45651332
origin3-4,mythomax-I2-13B-Q6,1.3,0.4439173
origin3-5,mythomax-I2-13B-Q6,0.2,0.38419303
origin3-5,mythomax-I2-13B-Q6,1.3,0.3759271
origin4-1,mythomax-I2-13B-Q6,0.2,0.4005871
origin4-1,mythomax-I2-13B-Q6,1.3,0.40225285
origin4-2,mythomax-I2-13B-Q6,0.2,0.286198
origin4-2,mythomax-I2-13B-Q6,1.3,0.3841597
origin4-3,mythomax-I2-13B-Q6,0.2,0.45712742
origin4-3,mythomax-I2-13B-Q6,1.3,0.4155806
origin4-4,mythomax-I2-13B-Q6,0.2,0.43367425
origin4-4,mythomax-I2-13B-Q6,1.3,0.41059035
origin4-5,mythomax-I2-13B-Q6,0.2,0.36860606
origin4-5,mythomax-I2-13B-Q6,1.3,0.38888013
origin5-1,mythomax-I2-13B-Q6,0.2,0.26504457
origin5-1,mythomax-I2-13B-Q6,1.3,0.2751037
origin5-2,mythomax-I2-13B-Q6,0.2,0.3311575
origin5-2,mythomax-I2-13B-Q6,1.3,0.442041
origin5-3,mythomax-I2-13B-Q6,0.2,0.34931475
origin5-3,mythomax-I2-13B-Q6,1.3,0.3553336
origin5-4,mythomax-I2-13B-Q6,0.2,0.51367587
origin5-4,mythomax-I2-13B-Q6,1.3,0.46446845
origin5-5,mythomax-I2-13B-Q6,0.2,0.50197935
origin5-5,mythomax-I2-13B-Q6,1.3,0.44172624
origin6-1,mythomax-I2-13B-Q6,0.2,0.23134324
origin6-1,mythomax-I2-13B-Q6,1.3,0.28035888
origin6-2,mythomax-I2-13B-Q6,0.2,0.39481935
origin6-2,mythomax-I2-13B-Q6,1.3,0.45471677
origin6-3,mythomax-I2-13B-Q6,0.2,0.5007615
origin6-3,mythomax-I2-13B-Q6,1.3,0.49852723
origin6-4,mythomax-I2-13B-Q6,0.2,0.5277128
origin6-4,mythomax-I2-13B-Q6,1.3,0.5339519
origin6-5,mythomax-I2-13B-Q6,0.2,0.499831
origin6-5,mythomax-I2-13B-Q6,1.3,0.5187467
origin7-1,mythomax-I2-13B-Q6,0.2,0.3680646
origin7-1,mythomax-I2-13B-Q6,1.3,0.30367264
origin7-2,mythomax-I2-13B-Q6,0.2,0.4851499
origin7-2,mythomax-I2-13B-Q6,1.3,0.554729
origin7-3,mythomax-I2-13B-Q6,0.2,0.53975075
origin7-3,mythomax-I2-13B-Q6,1.3,0.53366524
origin7-4,mythomax-I2-13B-Q6,0.2,0.5062063
origin7-4,mythomax-I2-13B-Q6,1.3,0.5971437
origin7-5,mythomax-I2-13B-Q6,0.2,0.51333606
origin7-5,mythomax-I2-13B-Q6,1.3,0.5757734
origin8-1,mythomax-I2-13B-Q6,0.2,0.39199662
origin8-1,mythomax-I2-13B-Q6,1.3,0.43149805
origin8-2,mythomax-I2-13B-Q6,0.2,0.6011577
origin8-2,mythomax-I2-13B-Q6,1.3,0.51738596
origin8-3,mythomax-I2-13B-Q6,0.2,0.50983125
origin8-3,mythomax-I2-13B-Q6,1.3,0.5247903
origin8-4,mythomax-I2-13B-Q6,0.2,0.639862
origin8-4,mythomax-I2-13B-Q6,1.3,0.6027935
origin8-5,mythomax-I2-13B-Q6,0.2,0.56425977
origin8-5,mythomax-I2-13B-Q6,1.3,0.6724511
origin9-1,mythomax-I2-13B-Q6,0.2,0.48822865
origin9-1,mythomax-I2-13B-Q6,1.3,0.55222476
origin9-2,mythomax-I2-13B-Q6,0.2,0.6631855
origin9-2,mythomax-I2-13B-Q6,1.3,0.68862045
origin9-3,mythomax-I2-13B-Q6,0.2,0.60328716
origin9-3,mythomax-I2-13B-Q6,1.3,0.6076123
origin9-4,mythomax-I2-13B-Q6,0.2,0.6326943
origin9-4,mythomax-I2-13B-Q6,1.3,0.6365475
origin9-5,mythomax-I2-13B-Q6,0.2,0.46361628
origin9-5,mythomax-I2-13B-Q6,1.3,0.5364185
origin1-1,openchat-3.5-1210,0.2,0.43865037
origin1-1,openchat-3.5-1210,1.3,0.5471127
origin1-2,openchat-3.5-1210,0.2,0.29672453
origin1-2,openchat-3.5-1210,1.3,0.426144
origin1-3,openchat-3.5-1210,0.2,0.29389507
origin1-3,openchat-3.5-1210,1.3,0.35595682
origin1-4,openchat-3.5-1210,0.2,0.19708744
origin1-4,openchat-3.5-1210,1.3,0.33503988
origin1-5,openchat-3.5-1210,0.2,0.33494115
origin1-5,openchat-3.5-1210,1.3,0.42284283
origin10-1,openchat-3.5-1210,0.2,0.38060373
origin10-1,openchat-3.5-1210,1.3,0.47651172
origin10-2,openchat-3.5-1210,0.2,0.34358242
origin10-2,openchat-3.5-1210,1.3,0.45319685
origin10-3,openchat-3.5-1210,0.2,0.4621882
origin10-3,openchat-3.5-1210,1.3,0.54155
origin10-4,openchat-3.5-1210,0.2,0.41476327
origin10-4,openchat-3.5-1210,1.3,0.53245157
origin10-5,openchat-3.5-1210,0.2,0.56131876
origin10-5,openchat-3.5-1210,1.3,0.5715143
origin2-1,openchat-3.5-1210,0.2,0.35973093
origin2-1,openchat-3.5-1210,1.3,0.39468515
origin2-2,openchat-3.5-1210,0.2,0.320151
origin2-2,openchat-3.5-1210,1.3,0.3486139
origin2-3,openchat-3.5-1210,0.2,0.3467997
origin2-3,openchat-3.5-1210,1.3,0.4843734
origin2-4,openchat-3.5-1210,0.2,0.35447297
origin2-4,openchat-3.5-1210,1.3,0.46186137
origin2-5,openchat-3.5-1210,0.2,0.42626053
origin2-5,openchat-3.5-1210,1.3,0.47163966
origin3-1,openchat-3.5-1210,0.2,0.37760583
origin3-1,openchat-3.5-1210,1.3,0.40132353
origin3-2,openchat-3.5-1210,0.2,0.35684204
origin3-2,openchat-3.5-1210,1.3,0.48324242
origin3-3,openchat-3.5-1210,0.2,0.3454311
origin3-3,openchat-3.5-1210,1.3,0.40733752
origin3-4,openchat-3.5-1210,0.2,0.36886635
origin3-4,openchat-3.5-1210,1.3,0.53417236
origin3-5,openchat-3.5-1210,0.2,0.35298774
origin3-5,openchat-3.5-1210,1.3,0.42370576
origin4-1,openchat-3.5-1210,0.2,0.40071046
origin4-1,openchat-3.5-1210,1.3,0.41959134
origin4-2,openchat-3.5-1210,0.2,0.28204995
origin4-2,openchat-3.5-1210,1.3,0.39751413
origin4-3,openchat-3.5-1210,0.2,0.34617898
origin4-3,openchat-3.5-1210,1.3,0.4020813
origin4-4,openchat-3.5-1210,0.2,0.39404574
origin4-4,openchat-3.5-1210,1.3,0.5218553
origin4-5,openchat-3.5-1210,0.2,0.4055643
origin4-5,openchat-3.5-1210,1.3,0.52928
origin5-1,openchat-3.5-1210,0.2,0.24515346
origin5-1,openchat-3.5-1210,1.3,0.31795007
origin5-2,openchat-3.5-1210,0.2,0.3579946
origin5-2,openchat-3.5-1210,1.3,0.53956646
origin5-3,openchat-3.5-1210,0.2,0.28244832
origin5-3,openchat-3.5-1210,1.3,0.35799053
origin5-4,openchat-3.5-1210,0.2,0.46249384
origin5-4,openchat-3.5-1210,1.3,0.500872
origin5-5,openchat-3.5-1210,0.2,0.48065373
origin5-5,openchat-3.5-1210,1.3,0.5363623
origin6-1,openchat-3.5-1210,0.2,0.27355263
origin6-1,openchat-3.5-1210,1.3,0.40318415
origin6-2,openchat-3.5-1210,0.2,0.35624826
origin6-2,openchat-3.5-1210,1.3,0.3904642
origin6-3,openchat-3.5-1210,0.2,0.4917033
origin6-3,openchat-3.5-1210,1.3,0.5393424
origin6-4,openchat-3.5-1210,0.2,0.4204015
origin6-4,openchat-3.5-1210,1.3,0.486686
origin6-5,openchat-3.5-1210,0.2,0.44079015
origin6-5,openchat-3.5-1210,1.3,0.54984665
origin7-1,openchat-3.5-1210,0.2,0.27038023
origin7-1,openchat-3.5-1210,1.3,0.2824294
origin7-2,openchat-3.5-1210,0.2,0.5055843
origin7-2,openchat-3.5-1210,1.3,0.58033454
origin7-3,openchat-3.5-1210,0.2,0.46896246
origin7-3,openchat-3.5-1210,1.3,0.56455827
origin7-4,openchat-3.5-1210,0.2,0.5640912
origin7-4,openchat-3.5-1210,1.3,0.6040375
origin7-5,openchat-3.5-1210,0.2,0.5553634
origin7-5,openchat-3.5-1210,1.3,0.6211192
origin8-1,openchat-3.5-1210,0.2,0.4210904
origin8-1,openchat-3.5-1210,1.3,0.55271095
origin8-2,openchat-3.5-1210,0.2,0.53352827
origin8-2,openchat-3.5-1210,1.3,0.5599491
origin8-3,openchat-3.5-1210,0.2,0.5410804
origin8-3,openchat-3.5-1210,1.3,0.5329385
origin8-4,openchat-3.5-1210,0.2,0.5864546
origin8-4,openchat-3.5-1210,1.3,0.61820114
origin8-5,openchat-3.5-1210,0.2,0.6275975
origin8-5,openchat-3.5-1210,1.3,0.5985815
origin9-1,openchat-3.5-1210,0.2,0.41622102
origin9-1,openchat-3.5-1210,1.3,0.45490962
origin9-2,openchat-3.5-1210,0.2,0.59752905
origin9-2,openchat-3.5-1210,1.3,0.65261024
origin9-3,openchat-3.5-1210,0.2,0.521577
origin9-3,openchat-3.5-1210,1.3,0.57482326
origin9-4,openchat-3.5-1210,0.2,0.6402346
origin9-4,openchat-3.5-1210,1.3,0.5854276
origin9-5,openchat-3.5-1210,0.2,0.49637616
origin9-5,openchat-3.5-1210,1.3,0.548734
