origin1-1,gpt-3.5-turbo,0.2,0.49832365
origin1-1,gpt-3.5-turbo,1.3,0.46009147
origin1-2,gpt-3.5-turbo,0.2,0.25204173
origin1-2,gpt-3.5-turbo,1.3,0.26669806
origin1-3,gpt-3.5-turbo,0.2,0.26834407
origin1-3,gpt-3.5-turbo,1.3,0.30113736
origin1-4,gpt-3.5-turbo,0.2,0.20839807
origin1-4,gpt-3.5-turbo,1.3,0.22202815
origin1-5,gpt-3.5-turbo,0.2,0.3125897
origin1-5,gpt-3.5-turbo,1.3,0.29225838
origin10-1,gpt-3.5-turbo,0.2,0.45155945
origin10-1,gpt-3.5-turbo,1.3,0.3908632
origin10-2,gpt-3.5-turbo,0.2,0.41045025
origin10-2,gpt-3.5-turbo,1.3,0.46249267
origin10-3,gpt-3.5-turbo,0.2,0.47273183
origin10-3,gpt-3.5-turbo,1.3,0.48285723
origin10-4,gpt-3.5-turbo,0.2,0.4735399
origin10-4,gpt-3.5-turbo,1.3,0.47884884
origin10-5,gpt-3.5-turbo,0.2,0.558554
origin10-5,gpt-3.5-turbo,1.3,0.5173538
origin2-1,gpt-3.5-turbo,0.2,0.3319721
origin2-1,gpt-3.5-turbo,1.3,0.3471073
origin2-2,gpt-3.5-turbo,0.2,0.31743777
origin2-2,gpt-3.5-turbo,1.3,0.3155868
origin2-3,gpt-3.5-turbo,0.2,0.44675744
origin2-3,gpt-3.5-turbo,1.3,0.4482238
origin2-4,gpt-3.5-turbo,0.2,0.33524898
origin2-4,gpt-3.5-turbo,1.3,0.360393
origin2-5,gpt-3.5-turbo,0.2,0.4076344
origin2-5,gpt-3.5-turbo,1.3,0.4344041
origin3-1,gpt-3.5-turbo,0.2,0.2987591
origin3-1,gpt-3.5-turbo,1.3,0.3149489
origin3-2,gpt-3.5-turbo,0.2,0.4620221
origin3-2,gpt-3.5-turbo,1.3,0.36940467
origin3-3,gpt-3.5-turbo,0.2,0.3453646
origin3-3,gpt-3.5-turbo,1.3,0.36157167
origin3-4,gpt-3.5-turbo,0.2,0.3385313
origin3-4,gpt-3.5-turbo,1.3,0.37820753
origin3-5,gpt-3.5-turbo,0.2,0.37815985
origin3-5,gpt-3.5-turbo,1.3,0.3703511
origin4-1,gpt-3.5-turbo,0.2,0.38985577
origin4-1,gpt-3.5-turbo,1.3,0.39052945
origin4-2,gpt-3.5-turbo,0.2,0.2807286
origin4-2,gpt-3.5-turbo,1.3,0.32850263
origin4-3,gpt-3.5-turbo,0.2,0.3136723
origin4-3,gpt-3.5-turbo,1.3,0.3411358
origin4-4,gpt-3.5-turbo,0.2,0.37652588
origin4-4,gpt-3.5-turbo,1.3,0.38762352
origin4-5,gpt-3.5-turbo,0.2,0.37349007
origin4-5,gpt-3.5-turbo,1.3,0.4069331
origin5-1,gpt-3.5-turbo,0.2,0.30787274
origin5-1,gpt-3.5-turbo,1.3,0.27767375
origin5-2,gpt-3.5-turbo,0.2,0.4037807
origin5-2,gpt-3.5-turbo,1.3,0.4198718
origin5-3,gpt-3.5-turbo,0.2,0.3189284
origin5-3,gpt-3.5-turbo,1.3,0.34977335
origin5-4,gpt-3.5-turbo,0.2,0.47591516
origin5-4,gpt-3.5-turbo,1.3,0.5049046
origin5-5,gpt-3.5-turbo,0.2,0.43655577
origin5-5,gpt-3.5-turbo,1.3,0.4660523
origin6-1,gpt-3.5-turbo,0.2,0.28251997
origin6-1,gpt-3.5-turbo,1.3,0.30034527
origin6-2,gpt-3.5-turbo,0.2,0.446221
origin6-2,gpt-3.5-turbo,1.3,0.3960656
origin6-3,gpt-3.5-turbo,0.2,0.47774106
origin6-3,gpt-3.5-turbo,1.3,0.45434576
origin6-4,gpt-3.5-turbo,0.2,0.46974018
origin6-4,gpt-3.5-turbo,1.3,0.4803311
origin6-5,gpt-3.5-turbo,0.2,0.5173095
origin6-5,gpt-3.5-turbo,1.3,0.51925427
origin7-1,gpt-3.5-turbo,0.2,0.2945304
origin7-1,gpt-3.5-turbo,1.3,0.29032248
origin7-2,gpt-3.5-turbo,0.2,0.45972544
origin7-2,gpt-3.5-turbo,1.3,0.5103067
origin7-3,gpt-3.5-turbo,0.2,0.4278848
origin7-3,gpt-3.5-turbo,1.3,0.5178118
origin7-4,gpt-3.5-turbo,0.2,0.53199375
origin7-4,gpt-3.5-turbo,1.3,0.47278458
origin7-5,gpt-3.5-turbo,0.2,0.534242
origin7-5,gpt-3.5-turbo,1.3,0.5085893
origin8-1,gpt-3.5-turbo,0.2,0.32767928
origin8-1,gpt-3.5-turbo,1.3,0.3636511
origin8-2,gpt-3.5-turbo,0.2,0.50638527
origin8-2,gpt-3.5-turbo,1.3,0.5144856
origin8-3,gpt-3.5-turbo,0.2,0.55738693
origin8-3,gpt-3.5-turbo,1.3,0.57059413
origin8-4,gpt-3.5-turbo,0.2,0.5647184
origin8-4,gpt-3.5-turbo,1.3,0.6172747
origin8-5,gpt-3.5-turbo,0.2,0.5621795
origin8-5,gpt-3.5-turbo,1.3,0.5799411
origin9-1,gpt-3.5-turbo,0.2,0.40017387
origin9-1,gpt-3.5-turbo,1.3,0.4114951
origin9-2,gpt-3.5-turbo,0.2,0.6500786
origin9-2,gpt-3.5-turbo,1.3,0.6631326
origin9-3,gpt-3.5-turbo,0.2,0.5782577
origin9-3,gpt-3.5-turbo,1.3,0.6012647
origin9-4,gpt-3.5-turbo,0.2,0.6347239
origin9-4,gpt-3.5-turbo,1.3,0.6305041
origin9-5,gpt-3.5-turbo,0.2,0.43449914
origin9-5,gpt-3.5-turbo,1.3,0.4436947
origin1-1,mythomax-I2-13B-Q6,0.2,0.43347734
origin1-1,mythomax-I2-13B-Q6,1.3,0.498101
origin1-2,mythomax-I2-13B-Q6,0.2,0.23793371
origin1-2,mythomax-I2-13B-Q6,1.3,0.29270604
origin1-3,mythomax-I2-13B-Q6,0.2,0.37688708
origin1-3,mythomax-I2-13B-Q6,1.3,0.38291427
origin1-4,mythomax-I2-13B-Q6,0.2,0.32415804
origin1-4,mythomax-I2-13B-Q6,1.3,0.2968803
origin1-5,mythomax-I2-13B-Q6,0.2,0.48186827
origin1-5,mythomax-I2-13B-Q6,1.3,0.5288755
origin10-1,mythomax-I2-13B-Q6,0.2,0.44693676
origin10-1,mythomax-I2-13B-Q6,1.3,0.4836699
origin10-2,mythomax-I2-13B-Q6,0.2,0.4897708
origin10-2,mythomax-I2-13B-Q6,1.3,0.49476826
origin10-3,mythomax-I2-13B-Q6,0.2,0.40397874
origin10-3,mythomax-I2-13B-Q6,1.3,0.44164172
origin10-4,mythomax-I2-13B-Q6,0.2,0.51284236
origin10-4,mythomax-I2-13B-Q6,1.3,0.5329637
origin10-5,mythomax-I2-13B-Q6,0.2,0.5253917
origin10-5,mythomax-I2-13B-Q6,1.3,0.5713103
origin2-1,mythomax-I2-13B-Q6,0.2,0.33237568
origin2-1,mythomax-I2-13B-Q6,1.3,0.3776807
origin2-2,mythomax-I2-13B-Q6,0.2,0.35521138
origin2-2,mythomax-I2-13B-Q6,1.3,0.3538769
origin2-3,mythomax-I2-13B-Q6,0.2,0.39919832
origin2-3,mythomax-I2-13B-Q6,1.3,0.38391712
origin2-4,mythomax-I2-13B-Q6,0.2,0.41772524
origin2-4,mythomax-I2-13B-Q6,1.3,0.42533022
origin2-5,mythomax-I2-13B-Q6,0.2,0.4243778
origin2-5,mythomax-I2-13B-Q6,1.3,0.46697295
origin3-1,mythomax-I2-13B-Q6,0.2,0.29652083
origin3-1,mythomax-I2-13B-Q6,1.3,0.29456156
origin3-2,mythomax-I2-13B-Q6,0.2,0.44456604
origin3-2,mythomax-I2-13B-Q6,1.3,0.39709985
origin3-3,mythomax-I2-13B-Q6,0.2,0.32908884
origin3-3,mythomax-I2-13B-Q6,1.3,0.33731115
origin3-4,mythomax-I2-13B-Q6,0.2,0.45651332
origin3-4,mythomax-I2-13B-Q6,1.3,0.4439173
origin3-5,mythomax-I2-13B-Q6,0.2,0.38419303
origin3-5,mythomax-I2-13B-Q6,1.3,0.3759271
origin4-1,mythomax-I2-13B-Q6,0.2,0.4005871
origin4-1,mythomax-I2-13B-Q6,1.3,0.40225285
origin4-2,mythomax-I2-13B-Q6,0.2,0.286198
origin4-2,mythomax-I2-13B-Q6,1.3,0.3841597
origin4-3,mythomax-I2-13B-Q6,0.2,0.45712742
origin4-3,mythomax-I2-13B-Q6,1.3,0.4155806
origin4-4,mythomax-I2-13B-Q6,0.2,0.43367425
origin4-4,mythomax-I2-13B-Q6,1.3,0.41059035
origin4-5,mythomax-I2-13B-Q6,0.2,0.36860606
origin4-5,mythomax-I2-13B-Q6,1.3,0.38888013
origin5-1,mythomax-I2-13B-Q6,0.2,0.26504457
origin5-1,mythomax-I2-13B-Q6,1.3,0.2751037
origin5-2,mythomax-I2-13B-Q6,0.2,0.3311575
origin5-2,mythomax-I2-13B-Q6,1.3,0.442041
origin5-3,mythomax-I2-13B-Q6,0.2,0.34931475
origin5-3,mythomax-I2-13B-Q6,1.3,0.3553336
origin5-4,mythomax-I2-13B-Q6,0.2,0.51367587
origin5-4,mythomax-I2-13B-Q6,1.3,0.46446845
origin5-5,mythomax-I2-13B-Q6,0.2,0.50197935
origin5-5,mythomax-I2-13B-Q6,1.3,0.44172624
origin6-1,mythomax-I2-13B-Q6,0.2,0.23134324
origin6-1,mythomax-I2-13B-Q6,1.3,0.28035888
origin6-2,mythomax-I2-13B-Q6,0.2,0.39481935
origin6-2,mythomax-I2-13B-Q6,1.3,0.45471677
origin6-3,mythomax-I2-13B-Q6,0.2,0.5007615
origin6-3,mythomax-I2-13B-Q6,1.3,0.49852723
origin6-4,mythomax-I2-13B-Q6,0.2,0.5277128
origin6-4,mythomax-I2-13B-Q6,1.3,0.5339519
origin6-5,mythomax-I2-13B-Q6,0.2,0.499831
origin6-5,mythomax-I2-13B-Q6,1.3,0.5187467
origin7-1,mythomax-I2-13B-Q6,0.2,0.3680646
origin7-1,mythomax-I2-13B-Q6,1.3,0.30367264
origin7-2,mythomax-I2-13B-Q6,0.2,0.4851499
origin7-2,mythomax-I2-13B-Q6,1.3,0.554729
origin7-3,mythomax-I2-13B-Q6,0.2,0.53975075
origin7-3,mythomax-I2-13B-Q6,1.3,0.53366524
origin7-4,mythomax-I2-13B-Q6,0.2,0.5062063
origin7-4,mythomax-I2-13B-Q6,1.3,0.5971437
origin7-5,mythomax-I2-13B-Q6,0.2,0.51333606
origin7-5,mythomax-I2-13B-Q6,1.3,0.5757734
origin8-1,mythomax-I2-13B-Q6,0.2,0.39199662
origin8-1,mythomax-I2-13B-Q6,1.3,0.43149805
origin8-2,mythomax-I2-13B-Q6,0.2,0.6011577
origin8-2,mythomax-I2-13B-Q6,1.3,0.51738596
origin8-3,mythomax-I2-13B-Q6,0.2,0.50983125
origin8-3,mythomax-I2-13B-Q6,1.3,0.5247903
origin8-4,mythomax-I2-13B-Q6,0.2,0.639862
origin8-4,mythomax-I2-13B-Q6,1.3,0.6027935
origin8-5,mythomax-I2-13B-Q6,0.2,0.56425977
origin8-5,mythomax-I2-13B-Q6,1.3,0.6724511
origin9-1,mythomax-I2-13B-Q6,0.2,0.48822865
origin9-1,mythomax-I2-13B-Q6,1.3,0.55222476
origin9-2,mythomax-I2-13B-Q6,0.2,0.6631855
origin9-2,mythomax-I2-13B-Q6,1.3,0.68862045
origin9-3,mythomax-I2-13B-Q6,0.2,0.60328716
origin9-3,mythomax-I2-13B-Q6,1.3,0.6076123
origin9-4,mythomax-I2-13B-Q6,0.2,0.6326943
origin9-4,mythomax-I2-13B-Q6,1.3,0.6365475
origin9-5,mythomax-I2-13B-Q6,0.2,0.46361628
origin9-5,mythomax-I2-13B-Q6,1.3,0.5364185
