origin1,1,gpt2-large,0.2,0.51296026
origin1,1,gpt2-large,1.3,0.41215223
origin1,2,gpt2-large,0.2,0.6001498
origin1,2,gpt2-large,1.3,0.7201528
origin1,3,gpt2-large,0.2,0.6554696
origin1,3,gpt2-large,1.3,0.6261328
origin10,28,gpt2-large,0.2,0.59290445
origin10,28,gpt2-large,1.3,0.44453913
origin10,29,gpt2-large,0.2,0.43565464
origin10,29,gpt2-large,1.3,0.6100456
origin10,30,gpt2-large,0.2,0.61376894
origin10,30,gpt2-large,1.3,0.29416046
origin2,4,gpt2-large,0.2,0.81901777
origin2,4,gpt2-large,1.3,0.4502198
origin2,5,gpt2-large,0.2,0.8252571
origin2,5,gpt2-large,1.3,0.44784826
origin2,6,gpt2-large,0.2,0.59270823
origin2,6,gpt2-large,1.3,0.60372365
origin3,7,gpt2-large,0.2,0.6292881
origin3,7,gpt2-large,1.3,0.4845214
origin3,8,gpt2-large,0.2,0.73310006
origin3,8,gpt2-large,1.3,0.53574085
origin3,9,gpt2-large,0.2,0.72598404
origin3,9,gpt2-large,1.3,0.4841105
origin4,10,gpt2-large,0.2,0.56080115
origin4,10,gpt2-large,1.3,0.49604735
origin4,11,gpt2-large,0.2,0.5195951
origin4,11,gpt2-large,1.3,0.60085946
origin4,12,gpt2-large,0.2,0.5963455
origin4,12,gpt2-large,1.3,0.470856
origin5,13,gpt2-large,0.2,0.36305302
origin5,13,gpt2-large,1.3,0.6751176
origin5,14,gpt2-large,0.2,0.67195225
origin5,14,gpt2-large,1.3,0.38280872
origin5,15,gpt2-large,0.2,0.5910947
origin5,15,gpt2-large,1.3,0.49816275
origin6,16,gpt2-large,0.2,0.7100722
origin6,16,gpt2-large,1.3,0.46178102
origin6,17,gpt2-large,0.2,0.47210702
origin6,17,gpt2-large,1.3,0.7449991
origin6,18,gpt2-large,0.2,0.77495074
origin6,18,gpt2-large,1.3,0.45683923
origin7,19,gpt2-large,0.2,0.5813348
origin7,19,gpt2-large,1.3,0.46607608
origin7,20,gpt2-large,0.2,0.55819136
origin7,20,gpt2-large,1.3,0.35223946
origin7,21,gpt2-large,0.2,0.7793045
origin7,21,gpt2-large,1.3,0.54225695
origin8,22,gpt2-large,0.2,0.6578711
origin8,22,gpt2-large,1.3,0.41763982
origin8,23,gpt2-large,0.2,0.6856167
origin8,23,gpt2-large,1.3,0.6993973
origin8,24,gpt2-large,0.2,0.56439155
origin8,24,gpt2-large,1.3,0.58627445
origin9,25,gpt2-large,0.2,0.43300366
origin9,25,gpt2-large,1.3,0.7035608
origin9,26,gpt2-large,0.2,0.5432183
origin9,26,gpt2-large,1.3,0.6031158
origin9,27,gpt2-large,0.2,0.7576665
origin9,27,gpt2-large,1.3,0.7282622
origin1,1,EleutherAI_gpt-neo-1.3B,0.2,0.6204227
origin1,1,EleutherAI_gpt-neo-1.3B,1.3,0.6230671
origin1,2,EleutherAI_gpt-neo-1.3B,0.2,0.73086804
origin1,2,EleutherAI_gpt-neo-1.3B,1.3,0.6416705
origin1,3,EleutherAI_gpt-neo-1.3B,0.2,0.8195611
origin1,3,EleutherAI_gpt-neo-1.3B,1.3,0.4221056
origin10,28,EleutherAI_gpt-neo-1.3B,0.2,0.5924022
origin10,28,EleutherAI_gpt-neo-1.3B,1.3,0.56148636
origin10,29,EleutherAI_gpt-neo-1.3B,0.2,0.7776121
origin10,29,EleutherAI_gpt-neo-1.3B,1.3,0.52455217
origin10,30,EleutherAI_gpt-neo-1.3B,0.2,0.6781908
origin10,30,EleutherAI_gpt-neo-1.3B,1.3,0.58760387
origin2,4,EleutherAI_gpt-neo-1.3B,0.2,0.77138406
origin2,4,EleutherAI_gpt-neo-1.3B,1.3,0.5679273
origin2,5,EleutherAI_gpt-neo-1.3B,0.2,0.57830346
origin2,5,EleutherAI_gpt-neo-1.3B,1.3,0.6349221
origin2,6,EleutherAI_gpt-neo-1.3B,0.2,0.64792645
origin2,6,EleutherAI_gpt-neo-1.3B,1.3,0.32612672
origin3,7,EleutherAI_gpt-neo-1.3B,0.2,0.6902257
origin3,7,EleutherAI_gpt-neo-1.3B,1.3,0.64380467
origin3,8,EleutherAI_gpt-neo-1.3B,0.2,0.72682434
origin3,8,EleutherAI_gpt-neo-1.3B,1.3,0.57206035
origin3,9,EleutherAI_gpt-neo-1.3B,0.2,0.77706546
origin3,9,EleutherAI_gpt-neo-1.3B,1.3,0.28922337
origin4,10,EleutherAI_gpt-neo-1.3B,0.2,0.7736653
origin4,10,EleutherAI_gpt-neo-1.3B,1.3,0.33162126
origin4,11,EleutherAI_gpt-neo-1.3B,0.2,0.68259656
origin4,11,EleutherAI_gpt-neo-1.3B,1.3,0.43255973
origin4,12,EleutherAI_gpt-neo-1.3B,0.2,0.70271176
origin4,12,EleutherAI_gpt-neo-1.3B,1.3,0.7538822
origin5,13,EleutherAI_gpt-neo-1.3B,0.2,0.477552
origin5,13,EleutherAI_gpt-neo-1.3B,1.3,0.6815954
origin5,14,EleutherAI_gpt-neo-1.3B,0.2,0.5989429
origin5,14,EleutherAI_gpt-neo-1.3B,1.3,0.34348026
origin5,15,EleutherAI_gpt-neo-1.3B,0.2,0.80830014
origin5,15,EleutherAI_gpt-neo-1.3B,1.3,0.40132713
origin6,16,EleutherAI_gpt-neo-1.3B,0.2,0.90993387
origin6,16,EleutherAI_gpt-neo-1.3B,1.3,0.4053027
origin6,17,EleutherAI_gpt-neo-1.3B,0.2,0.7315568
origin6,17,EleutherAI_gpt-neo-1.3B,1.3,0.35194156
origin6,18,EleutherAI_gpt-neo-1.3B,0.2,0.81385356
origin6,18,EleutherAI_gpt-neo-1.3B,1.3,0.5387368
origin7,19,EleutherAI_gpt-neo-1.3B,0.2,0.80135405
origin7,19,EleutherAI_gpt-neo-1.3B,1.3,0.5889996
origin7,20,EleutherAI_gpt-neo-1.3B,0.2,0.77065045
origin7,20,EleutherAI_gpt-neo-1.3B,1.3,0.5438827
origin7,21,EleutherAI_gpt-neo-1.3B,0.2,0.6541482
origin7,21,EleutherAI_gpt-neo-1.3B,1.3,0.5002368
origin8,22,EleutherAI_gpt-neo-1.3B,0.2,0.5714206
origin8,22,EleutherAI_gpt-neo-1.3B,1.3,0.5604208
origin8,23,EleutherAI_gpt-neo-1.3B,0.2,0.859906
origin8,23,EleutherAI_gpt-neo-1.3B,1.3,0.6829817
origin8,24,EleutherAI_gpt-neo-1.3B,0.2,0.77849275
origin8,24,EleutherAI_gpt-neo-1.3B,1.3,0.74161065
origin9,25,EleutherAI_gpt-neo-1.3B,0.2,0.70563257
origin9,25,EleutherAI_gpt-neo-1.3B,1.3,0.35280913
origin9,26,EleutherAI_gpt-neo-1.3B,0.2,0.7562618
origin9,26,EleutherAI_gpt-neo-1.3B,1.3,0.63243264
origin9,27,EleutherAI_gpt-neo-1.3B,0.2,0.70567316
origin9,27,EleutherAI_gpt-neo-1.3B,1.3,0.59123766
origin1,1,gpt-3.5-turbo,0.2,0.28557977
origin1,1,gpt-3.5-turbo,1.3,0.25731388
origin1,2,gpt-3.5-turbo,0.2,0.2856136
origin1,2,gpt-3.5-turbo,1.3,0.35328653
origin1,3,gpt-3.5-turbo,0.2,0.54318845
origin1,3,gpt-3.5-turbo,1.3,0.5873817
origin10,28,gpt-3.5-turbo,0.2,0.37782553
origin10,28,gpt-3.5-turbo,1.3,0.38208798
origin10,29,gpt-3.5-turbo,0.2,0.3134573
origin10,29,gpt-3.5-turbo,1.3,0.31689134
origin10,30,gpt-3.5-turbo,0.2,0.5800022
origin10,30,gpt-3.5-turbo,1.3,0.48450094
origin2,4,gpt-3.5-turbo,0.2,0.22263852
origin2,4,gpt-3.5-turbo,1.3,0.193982
origin2,5,gpt-3.5-turbo,0.2,0.32473344
origin2,5,gpt-3.5-turbo,1.3,0.28929
origin2,6,gpt-3.5-turbo,0.2,0.3854831
origin2,6,gpt-3.5-turbo,1.3,0.5163135
origin3,7,gpt-3.5-turbo,0.2,0.18190892
origin3,7,gpt-3.5-turbo,1.3,0.17321487
origin3,8,gpt-3.5-turbo,0.2,0.32739386
origin3,8,gpt-3.5-turbo,1.3,0.3901876
origin3,9,gpt-3.5-turbo,0.2,0.29602277
origin3,9,gpt-3.5-turbo,1.3,0.23632881
origin4,10,gpt-3.5-turbo,0.2,0.31177637
origin4,10,gpt-3.5-turbo,1.3,0.32582316
origin4,11,gpt-3.5-turbo,0.2,0.33648703
origin4,11,gpt-3.5-turbo,1.3,0.38090962
origin4,12,gpt-3.5-turbo,0.2,0.3295222
origin4,12,gpt-3.5-turbo,1.3,0.34053433
origin5,13,gpt-3.5-turbo,0.2,0.14865692
origin5,13,gpt-3.5-turbo,1.3,0.27299133
origin5,14,gpt-3.5-turbo,0.2,0.21337108
origin5,14,gpt-3.5-turbo,1.3,0.24751158
origin5,15,gpt-3.5-turbo,0.2,0.31786147
origin5,15,gpt-3.5-turbo,1.3,0.29816553
origin6,16,gpt-3.5-turbo,0.2,0.095258445
origin6,16,gpt-3.5-turbo,1.3,0.07949487
origin6,17,gpt-3.5-turbo,0.2,0.08800435
origin6,17,gpt-3.5-turbo,1.3,0.0817164
origin6,18,gpt-3.5-turbo,0.2,0.27409148
origin6,18,gpt-3.5-turbo,1.3,0.38346872
origin7,19,gpt-3.5-turbo,0.2,0.28472394
origin7,19,gpt-3.5-turbo,1.3,0.2501129
origin7,20,gpt-3.5-turbo,0.2,0.28498596
origin7,20,gpt-3.5-turbo,1.3,0.29101196
origin7,21,gpt-3.5-turbo,0.2,0.35375834
origin7,21,gpt-3.5-turbo,1.3,0.39959806
origin8,22,gpt-3.5-turbo,0.2,0.24901466
origin8,22,gpt-3.5-turbo,1.3,0.29319745
origin8,23,gpt-3.5-turbo,0.2,0.36300826
origin8,23,gpt-3.5-turbo,1.3,0.37363666
origin8,24,gpt-3.5-turbo,0.2,0.47212067
origin8,24,gpt-3.5-turbo,1.3,0.48464823
origin9,25,gpt-3.5-turbo,0.2,0.2764018
origin9,25,gpt-3.5-turbo,1.3,0.3011468
origin9,26,gpt-3.5-turbo,0.2,0.41271472
origin9,26,gpt-3.5-turbo,1.3,0.40349594
origin9,27,gpt-3.5-turbo,0.2,0.32738882
origin9,27,gpt-3.5-turbo,1.3,0.32900688
origin1,1,meta-llama_Llama-2-7b-chat-hf,0.2,0.28701916
origin1,1,meta-llama_Llama-2-7b-chat-hf,1.3,0.4810958
origin1,2,meta-llama_Llama-2-7b-chat-hf,0.2,0.3221255
origin1,2,meta-llama_Llama-2-7b-chat-hf,1.3,0.3342128
origin1,3,meta-llama_Llama-2-7b-chat-hf,0.2,0.59897006
origin1,3,meta-llama_Llama-2-7b-chat-hf,1.3,0.67084414
origin10,1,meta-llama_Llama-2-7b-chat-hf,0.2,0.34662527
origin10,1,meta-llama_Llama-2-7b-chat-hf,1.3,0.3369788
origin10,2,meta-llama_Llama-2-7b-chat-hf,0.2,0.3225199
origin10,2,meta-llama_Llama-2-7b-chat-hf,1.3,0.4121756
origin10,3,meta-llama_Llama-2-7b-chat-hf,0.2,0.5397674
origin10,3,meta-llama_Llama-2-7b-chat-hf,1.3,0.5243695
origin2,1,meta-llama_Llama-2-7b-chat-hf,0.2,0.33289257
origin2,1,meta-llama_Llama-2-7b-chat-hf,1.3,0.3689915
origin2,2,meta-llama_Llama-2-7b-chat-hf,0.2,0.35397238
origin2,2,meta-llama_Llama-2-7b-chat-hf,1.3,0.3566786
origin2,3,meta-llama_Llama-2-7b-chat-hf,0.2,0.5200735
origin2,3,meta-llama_Llama-2-7b-chat-hf,1.3,0.4975772
origin3,1,meta-llama_Llama-2-7b-chat-hf,0.2,0.17902835
origin3,1,meta-llama_Llama-2-7b-chat-hf,1.3,0.2058177
origin3,2,meta-llama_Llama-2-7b-chat-hf,0.2,0.3599011
origin3,2,meta-llama_Llama-2-7b-chat-hf,1.3,0.4171958
origin3,3,meta-llama_Llama-2-7b-chat-hf,0.2,0.23378596
origin3,3,meta-llama_Llama-2-7b-chat-hf,1.3,0.2814286
origin4,1,meta-llama_Llama-2-7b-chat-hf,0.2,0.3504873
origin4,1,meta-llama_Llama-2-7b-chat-hf,1.3,0.36977363
origin4,2,meta-llama_Llama-2-7b-chat-hf,0.2,0.340906
origin4,2,meta-llama_Llama-2-7b-chat-hf,1.3,0.30024678
origin4,3,meta-llama_Llama-2-7b-chat-hf,0.2,0.33600822
origin4,3,meta-llama_Llama-2-7b-chat-hf,1.3,0.34906146
origin5,1,meta-llama_Llama-2-7b-chat-hf,0.2,0.18651138
origin5,1,meta-llama_Llama-2-7b-chat-hf,1.3,0.1719443
origin5,2,meta-llama_Llama-2-7b-chat-hf,0.2,0.20723236
origin5,2,meta-llama_Llama-2-7b-chat-hf,1.3,0.28266627
origin5,3,meta-llama_Llama-2-7b-chat-hf,0.2,0.36024895
origin5,3,meta-llama_Llama-2-7b-chat-hf,1.3,0.39476666
origin6,1,meta-llama_Llama-2-7b-chat-hf,0.2,0.12145422
origin6,1,meta-llama_Llama-2-7b-chat-hf,1.3,0.117166266
origin6,2,meta-llama_Llama-2-7b-chat-hf,0.2,0.12322019
origin6,2,meta-llama_Llama-2-7b-chat-hf,1.3,0.20196068
origin6,3,meta-llama_Llama-2-7b-chat-hf,0.2,0.3768646
origin6,3,meta-llama_Llama-2-7b-chat-hf,1.3,0.48749596
origin7,1,meta-llama_Llama-2-7b-chat-hf,0.2,0.29511982
origin7,1,meta-llama_Llama-2-7b-chat-hf,1.3,0.34692287
origin7,2,meta-llama_Llama-2-7b-chat-hf,0.2,0.31836218
origin7,2,meta-llama_Llama-2-7b-chat-hf,1.3,0.2623032
origin7,3,meta-llama_Llama-2-7b-chat-hf,0.2,0.3683198
origin7,3,meta-llama_Llama-2-7b-chat-hf,1.3,0.3502106
origin8,1,meta-llama_Llama-2-7b-chat-hf,0.2,0.34780654
origin8,1,meta-llama_Llama-2-7b-chat-hf,1.3,0.2971416
origin8,2,meta-llama_Llama-2-7b-chat-hf,0.2,0.40183267
origin8,2,meta-llama_Llama-2-7b-chat-hf,1.3,0.4082827
origin8,3,meta-llama_Llama-2-7b-chat-hf,0.2,0.6180445
origin8,3,meta-llama_Llama-2-7b-chat-hf,1.3,0.56654656
origin9,1,meta-llama_Llama-2-7b-chat-hf,0.2,0.21263723
origin9,1,meta-llama_Llama-2-7b-chat-hf,1.3,0.19908229
origin9,2,meta-llama_Llama-2-7b-chat-hf,0.2,0.32330093
origin9,2,meta-llama_Llama-2-7b-chat-hf,1.3,0.2530425
origin9,3,meta-llama_Llama-2-7b-chat-hf,0.2,0.5195089
origin9,3,meta-llama_Llama-2-7b-chat-hf,1.3,0.56549734
origin1,1,Mistral-7B-Instruct-v0.2,0.2,0.2860229
origin1,1,Mistral-7B-Instruct-v0.2,1.3,0.34512356
origin1,2,Mistral-7B-Instruct-v0.2,0.2,0.28350794
origin1,2,Mistral-7B-Instruct-v0.2,1.3,0.36789286
origin1,3,Mistral-7B-Instruct-v0.2,0.2,0.5033034
origin1,3,Mistral-7B-Instruct-v0.2,1.3,0.58743864
origin10,28,Mistral-7B-Instruct-v0.2,0.2,0.349486
origin10,28,Mistral-7B-Instruct-v0.2,1.3,0.39201203
origin10,29,Mistral-7B-Instruct-v0.2,0.2,0.27201334
origin10,29,Mistral-7B-Instruct-v0.2,1.3,0.2917005
origin10,30,Mistral-7B-Instruct-v0.2,0.2,0.3849246
origin10,30,Mistral-7B-Instruct-v0.2,1.3,0.55884
origin2,4,Mistral-7B-Instruct-v0.2,0.2,0.27868384
origin2,4,Mistral-7B-Instruct-v0.2,1.3,0.28639147
origin2,5,Mistral-7B-Instruct-v0.2,0.2,0.27606297
origin2,5,Mistral-7B-Instruct-v0.2,1.3,0.3341935
origin2,6,Mistral-7B-Instruct-v0.2,0.2,0.6083376
origin2,6,Mistral-7B-Instruct-v0.2,1.3,0.54702866
origin3,7,Mistral-7B-Instruct-v0.2,0.2,0.22521195
origin3,7,Mistral-7B-Instruct-v0.2,1.3,0.25147092
origin3,8,Mistral-7B-Instruct-v0.2,0.2,0.34144285
origin3,8,Mistral-7B-Instruct-v0.2,1.3,0.3843815
origin3,9,Mistral-7B-Instruct-v0.2,0.2,0.2584218
origin3,9,Mistral-7B-Instruct-v0.2,1.3,0.3115831
origin4,10,Mistral-7B-Instruct-v0.2,0.2,0.24547902
origin4,10,Mistral-7B-Instruct-v0.2,1.3,0.3652941
origin4,11,Mistral-7B-Instruct-v0.2,0.2,0.28721213
origin4,11,Mistral-7B-Instruct-v0.2,1.3,0.3203287
origin4,12,Mistral-7B-Instruct-v0.2,0.2,0.3839526
origin4,12,Mistral-7B-Instruct-v0.2,1.3,0.32493103
origin5,13,Mistral-7B-Instruct-v0.2,0.2,0.27425224
origin5,13,Mistral-7B-Instruct-v0.2,1.3,0.24172032
origin5,14,Mistral-7B-Instruct-v0.2,0.2,0.2374512
origin5,14,Mistral-7B-Instruct-v0.2,1.3,0.19535275
origin5,15,Mistral-7B-Instruct-v0.2,0.2,0.24875669
origin5,15,Mistral-7B-Instruct-v0.2,1.3,0.29452938
origin6,16,Mistral-7B-Instruct-v0.2,0.2,0.11031158
origin6,16,Mistral-7B-Instruct-v0.2,1.3,0.23709564
origin6,17,Mistral-7B-Instruct-v0.2,0.2,0.102119304
origin6,17,Mistral-7B-Instruct-v0.2,1.3,0.24943013
origin6,18,Mistral-7B-Instruct-v0.2,0.2,0.37457842
origin6,18,Mistral-7B-Instruct-v0.2,1.3,0.56601095
origin7,19,Mistral-7B-Instruct-v0.2,0.2,0.28034753
origin7,19,Mistral-7B-Instruct-v0.2,1.3,0.32922423
origin7,20,Mistral-7B-Instruct-v0.2,0.2,0.2768669
origin7,20,Mistral-7B-Instruct-v0.2,1.3,0.30335897
origin7,21,Mistral-7B-Instruct-v0.2,0.2,0.30801257
origin7,21,Mistral-7B-Instruct-v0.2,1.3,0.36711678
origin8,22,Mistral-7B-Instruct-v0.2,0.2,0.2799043
origin8,22,Mistral-7B-Instruct-v0.2,1.3,0.37407267
origin8,23,Mistral-7B-Instruct-v0.2,0.2,0.39887187
origin8,23,Mistral-7B-Instruct-v0.2,1.3,0.36808816
origin8,24,Mistral-7B-Instruct-v0.2,0.2,0.65792257
origin8,24,Mistral-7B-Instruct-v0.2,1.3,0.6083498
origin9,25,Mistral-7B-Instruct-v0.2,0.2,0.29966277
origin9,25,Mistral-7B-Instruct-v0.2,1.3,0.2642491
origin9,26,Mistral-7B-Instruct-v0.2,0.2,0.38632965
origin9,26,Mistral-7B-Instruct-v0.2,1.3,0.32235456
origin9,27,Mistral-7B-Instruct-v0.2,0.2,0.3649116
origin9,27,Mistral-7B-Instruct-v0.2,1.3,0.38381916
origin1,1,HuggingFaceTB_SmolLM-360M,0.2,0.3794188
origin1,1,HuggingFaceTB_SmolLM-360M,1.3,0.526162
origin1,2,HuggingFaceTB_SmolLM-360M,0.2,0.6670593
origin1,2,HuggingFaceTB_SmolLM-360M,1.3,0.4269913
origin1,3,HuggingFaceTB_SmolLM-360M,0.2,0.6955484
origin1,3,HuggingFaceTB_SmolLM-360M,1.3,0.44450015
origin10,1,HuggingFaceTB_SmolLM-360M,0.2,0.70473164
origin10,1,HuggingFaceTB_SmolLM-360M,1.3,0.46309358
origin10,2,HuggingFaceTB_SmolLM-360M,0.2,0.4538599
origin10,2,HuggingFaceTB_SmolLM-360M,1.3,0.3951326
origin10,3,HuggingFaceTB_SmolLM-360M,0.2,0.71875584
origin10,3,HuggingFaceTB_SmolLM-360M,1.3,0.43149003
origin2,1,HuggingFaceTB_SmolLM-360M,0.2,0.808815
origin2,1,HuggingFaceTB_SmolLM-360M,1.3,0.48583618
origin2,2,HuggingFaceTB_SmolLM-360M,0.2,0.71267617
origin2,2,HuggingFaceTB_SmolLM-360M,1.3,0.41828293
origin2,3,HuggingFaceTB_SmolLM-360M,0.2,0.738871
origin2,3,HuggingFaceTB_SmolLM-360M,1.3,0.54035604
origin3,1,HuggingFaceTB_SmolLM-360M,0.2,0.5720524
origin3,1,HuggingFaceTB_SmolLM-360M,1.3,0.442118
origin3,2,HuggingFaceTB_SmolLM-360M,0.2,0.45833987
origin3,2,HuggingFaceTB_SmolLM-360M,1.3,0.6276998
origin3,3,HuggingFaceTB_SmolLM-360M,0.2,0.6812529
origin3,3,HuggingFaceTB_SmolLM-360M,1.3,0.33074734
origin4,1,HuggingFaceTB_SmolLM-360M,0.2,0.47833666
origin4,1,HuggingFaceTB_SmolLM-360M,1.3,0.6296578
origin4,2,HuggingFaceTB_SmolLM-360M,0.2,0.5427543
origin4,2,HuggingFaceTB_SmolLM-360M,1.3,0.39079726
origin4,3,HuggingFaceTB_SmolLM-360M,0.2,0.6440326
origin4,3,HuggingFaceTB_SmolLM-360M,1.3,0.47757626
origin5,1,HuggingFaceTB_SmolLM-360M,0.2,0.17658651
origin5,1,HuggingFaceTB_SmolLM-360M,1.3,0.692539
origin5,2,HuggingFaceTB_SmolLM-360M,0.2,0.36799136
origin5,2,HuggingFaceTB_SmolLM-360M,1.3,0.6942665
origin5,3,HuggingFaceTB_SmolLM-360M,0.2,0.537882
origin5,3,HuggingFaceTB_SmolLM-360M,1.3,0.4677547
origin6,1,HuggingFaceTB_SmolLM-360M,0.2,0.13493279
origin6,1,HuggingFaceTB_SmolLM-360M,1.3,0.41628495
origin6,2,HuggingFaceTB_SmolLM-360M,0.2,0.27695772
origin6,2,HuggingFaceTB_SmolLM-360M,1.3,0.60986453
origin6,3,HuggingFaceTB_SmolLM-360M,0.2,0.68651485
origin6,3,HuggingFaceTB_SmolLM-360M,1.3,0.47482792
origin7,1,HuggingFaceTB_SmolLM-360M,0.2,0.5312135
origin7,1,HuggingFaceTB_SmolLM-360M,1.3,0.39696664
origin7,2,HuggingFaceTB_SmolLM-360M,0.2,0.4923249
origin7,2,HuggingFaceTB_SmolLM-360M,1.3,0.50732833
origin7,3,HuggingFaceTB_SmolLM-360M,0.2,0.6146492
origin7,3,HuggingFaceTB_SmolLM-360M,1.3,0.4804914
origin8,1,HuggingFaceTB_SmolLM-360M,0.2,0.46315908
origin8,1,HuggingFaceTB_SmolLM-360M,1.3,0.5585768
origin8,2,HuggingFaceTB_SmolLM-360M,0.2,0.5167869
origin8,2,HuggingFaceTB_SmolLM-360M,1.3,0.45557252
origin8,3,HuggingFaceTB_SmolLM-360M,0.2,0.6775776
origin8,3,HuggingFaceTB_SmolLM-360M,1.3,0.69414693
origin9,1,HuggingFaceTB_SmolLM-360M,0.2,0.4685666
origin9,1,HuggingFaceTB_SmolLM-360M,1.3,0.37392774
origin9,2,HuggingFaceTB_SmolLM-360M,0.2,0.74936855
origin9,2,HuggingFaceTB_SmolLM-360M,1.3,0.3938547
origin9,3,HuggingFaceTB_SmolLM-360M,0.2,0.58447623
origin9,3,HuggingFaceTB_SmolLM-360M,1.3,0.385786
origin1,1,microsoft_phi-2,0.2,0.30324718
origin1,1,microsoft_phi-2,1.3,0.60604656
origin1,2,microsoft_phi-2,0.2,0.37698895
origin1,2,microsoft_phi-2,1.3,0.59360427
origin1,3,microsoft_phi-2,0.2,0.650234
origin1,3,microsoft_phi-2,1.3,0.7252084
origin10,1,microsoft_phi-2,0.2,0.5146156
origin10,1,microsoft_phi-2,1.3,0.7368301
origin10,2,microsoft_phi-2,0.2,0.36469454
origin10,2,microsoft_phi-2,1.3,0.59369755
origin10,3,microsoft_phi-2,0.2,0.62768567
origin10,3,microsoft_phi-2,1.3,0.70864123
origin2,1,microsoft_phi-2,0.2,0.27638543
origin2,1,microsoft_phi-2,1.3,0.54774284
origin2,2,microsoft_phi-2,0.2,0.30719408
origin2,2,microsoft_phi-2,1.3,0.6669545
origin2,3,microsoft_phi-2,0.2,0.50182074
origin2,3,microsoft_phi-2,1.3,0.6666014
origin3,1,microsoft_phi-2,0.2,0.29628086
origin3,1,microsoft_phi-2,1.3,0.6058701
origin3,2,microsoft_phi-2,0.2,0.31571487
origin3,2,microsoft_phi-2,1.3,0.5221095
origin3,3,microsoft_phi-2,0.2,0.39092663
origin3,3,microsoft_phi-2,1.3,0.63111883
origin4,1,microsoft_phi-2,0.2,0.31945485
origin4,1,microsoft_phi-2,1.3,0.5505568
origin4,2,microsoft_phi-2,0.2,0.38713318
origin4,2,microsoft_phi-2,1.3,0.76049876
origin4,3,microsoft_phi-2,0.2,0.703978
origin4,3,microsoft_phi-2,1.3,0.53003037
origin5,1,microsoft_phi-2,0.2,0.1421853
origin5,1,microsoft_phi-2,1.3,0.49644238
origin5,2,microsoft_phi-2,0.2,0.29674572
origin5,2,microsoft_phi-2,1.3,0.4846558
origin5,3,microsoft_phi-2,0.2,0.54987776
origin5,3,microsoft_phi-2,1.3,0.6150228
origin6,1,microsoft_phi-2,0.2,0.07369681
origin6,1,microsoft_phi-2,1.3,0.43906736
origin6,2,microsoft_phi-2,0.2,0.08815008
origin6,2,microsoft_phi-2,1.3,0.46419173
origin6,3,microsoft_phi-2,0.2,0.3239469
origin6,3,microsoft_phi-2,1.3,0.5189259
origin7,1,microsoft_phi-2,0.2,0.32823253
origin7,1,microsoft_phi-2,1.3,0.59303623
origin7,2,microsoft_phi-2,0.2,0.20766222
origin7,2,microsoft_phi-2,1.3,0.5005593
origin7,3,microsoft_phi-2,0.2,0.51600385
origin7,3,microsoft_phi-2,1.3,0.7052102
origin8,1,microsoft_phi-2,0.2,0.39165798
origin8,1,microsoft_phi-2,1.3,0.6151966
origin8,2,microsoft_phi-2,0.2,0.42270452
origin8,2,microsoft_phi-2,1.3,0.54665625
origin8,3,microsoft_phi-2,0.2,0.57003456
origin8,3,microsoft_phi-2,1.3,0.6455963
origin9,1,microsoft_phi-2,0.2,0.49398842
origin9,1,microsoft_phi-2,1.3,0.7259344
origin9,2,microsoft_phi-2,0.2,0.41092244
origin9,2,microsoft_phi-2,1.3,0.8104764
origin9,3,microsoft_phi-2,0.2,0.61435986
origin9,3,microsoft_phi-2,1.3,0.5733213
origin1,1,stabilityai_StableBeluga-7B,0.2,0.27508405
origin1,1,stabilityai_StableBeluga-7B,1.3,0.63862723
origin1,2,stabilityai_StableBeluga-7B,0.2,0.26854762
origin1,2,stabilityai_StableBeluga-7B,1.3,0.4665342
origin1,3,stabilityai_StableBeluga-7B,0.2,0.5918907
origin1,3,stabilityai_StableBeluga-7B,1.3,0.64261436
origin10,1,stabilityai_StableBeluga-7B,0.2,0.4761216
origin10,1,stabilityai_StableBeluga-7B,1.3,0.4595161
origin10,2,stabilityai_StableBeluga-7B,0.2,0.37924516
origin10,2,stabilityai_StableBeluga-7B,1.3,0.45435017
origin10,3,stabilityai_StableBeluga-7B,0.2,0.6095713
origin10,3,stabilityai_StableBeluga-7B,1.3,0.62557256
origin2,1,stabilityai_StableBeluga-7B,0.2,0.29161447
origin2,1,stabilityai_StableBeluga-7B,1.3,0.5200934
origin2,2,stabilityai_StableBeluga-7B,0.2,0.27296382
origin2,2,stabilityai_StableBeluga-7B,1.3,0.32986876
origin2,3,stabilityai_StableBeluga-7B,0.2,0.4503302
origin2,3,stabilityai_StableBeluga-7B,1.3,0.4556776
origin3,1,stabilityai_StableBeluga-7B,0.2,0.2414362
origin3,1,stabilityai_StableBeluga-7B,1.3,0.18265359
origin3,2,stabilityai_StableBeluga-7B,0.2,0.33538696
origin3,2,stabilityai_StableBeluga-7B,1.3,0.39786616
origin3,3,stabilityai_StableBeluga-7B,0.2,0.24147446
origin3,3,stabilityai_StableBeluga-7B,1.3,0.33929908
origin4,1,stabilityai_StableBeluga-7B,0.2,0.30865806
origin4,1,stabilityai_StableBeluga-7B,1.3,0.49698138
origin4,2,stabilityai_StableBeluga-7B,0.2,0.35804552
origin4,2,stabilityai_StableBeluga-7B,1.3,0.5034758
origin4,3,stabilityai_StableBeluga-7B,0.2,0.51754224
origin4,3,stabilityai_StableBeluga-7B,1.3,0.66111773
origin5,1,stabilityai_StableBeluga-7B,0.2,0.2210848
origin5,1,stabilityai_StableBeluga-7B,1.3,0.24775235
origin5,2,stabilityai_StableBeluga-7B,0.2,0.21338621
origin5,2,stabilityai_StableBeluga-7B,1.3,0.2815453
origin5,3,stabilityai_StableBeluga-7B,0.2,0.42726082
origin5,3,stabilityai_StableBeluga-7B,1.3,0.3169821
origin6,1,stabilityai_StableBeluga-7B,0.2,0.06725799
origin6,1,stabilityai_StableBeluga-7B,1.3,0.1480413
origin6,2,stabilityai_StableBeluga-7B,0.2,0.12615016
origin6,2,stabilityai_StableBeluga-7B,1.3,0.15918584
origin6,3,stabilityai_StableBeluga-7B,0.2,0.3416519
origin6,3,stabilityai_StableBeluga-7B,1.3,0.46629778
origin7,1,stabilityai_StableBeluga-7B,0.2,0.2594456
origin7,1,stabilityai_StableBeluga-7B,1.3,0.36026055
origin7,2,stabilityai_StableBeluga-7B,0.2,0.26780558
origin7,2,stabilityai_StableBeluga-7B,1.3,0.36492702
origin7,3,stabilityai_StableBeluga-7B,0.2,0.47432852
origin7,3,stabilityai_StableBeluga-7B,1.3,0.59208524
origin8,1,stabilityai_StableBeluga-7B,0.2,0.31601796
origin8,1,stabilityai_StableBeluga-7B,1.3,0.4724515
origin8,2,stabilityai_StableBeluga-7B,0.2,0.42930055
origin8,2,stabilityai_StableBeluga-7B,1.3,0.45550457
origin8,3,stabilityai_StableBeluga-7B,0.2,0.6334139
origin8,3,stabilityai_StableBeluga-7B,1.3,0.7387583
origin9,1,stabilityai_StableBeluga-7B,0.2,0.33746576
origin9,1,stabilityai_StableBeluga-7B,1.3,0.5260652
origin9,2,stabilityai_StableBeluga-7B,0.2,0.30548114
origin9,2,stabilityai_StableBeluga-7B,1.3,0.4852039
origin9,3,stabilityai_StableBeluga-7B,0.2,0.6021039
origin9,3,stabilityai_StableBeluga-7B,1.3,0.545687
origin1,1,openchat-3.5-1210,0.2,0.32335237
origin1,1,openchat-3.5-1210,1.3,0.3183225
origin1,2,openchat-3.5-1210,0.2,0.3202624
origin1,2,openchat-3.5-1210,1.3,0.3397793
origin1,3,openchat-3.5-1210,0.2,0.6083735
origin1,3,openchat-3.5-1210,1.3,0.6371701
origin10,1,openchat-3.5-1210,0.2,0.33664328
origin10,1,openchat-3.5-1210,1.3,0.40401497
origin10,2,openchat-3.5-1210,0.2,0.30031556
origin10,2,openchat-3.5-1210,1.3,0.29046136
origin10,3,openchat-3.5-1210,0.2,0.49946722
origin10,3,openchat-3.5-1210,1.3,0.59452707
origin2,1,openchat-3.5-1210,0.2,0.29741663
origin2,1,openchat-3.5-1210,1.3,0.29114795
origin2,2,openchat-3.5-1210,0.2,0.29651827
origin2,2,openchat-3.5-1210,1.3,0.2841293
origin2,3,openchat-3.5-1210,0.2,0.51935756
origin2,3,openchat-3.5-1210,1.3,0.4772829
origin3,1,openchat-3.5-1210,0.2,0.22651236
origin3,1,openchat-3.5-1210,1.3,0.21977106
origin3,2,openchat-3.5-1210,0.2,0.39019075
origin3,2,openchat-3.5-1210,1.3,0.38151985
origin3,3,openchat-3.5-1210,0.2,0.34740734
origin3,3,openchat-3.5-1210,1.3,0.34991568
origin4,1,openchat-3.5-1210,0.2,0.29822215
origin4,1,openchat-3.5-1210,1.3,0.4851869
origin4,2,openchat-3.5-1210,0.2,0.4000531
origin4,2,openchat-3.5-1210,1.3,0.3531994
origin4,3,openchat-3.5-1210,0.2,0.43022782
origin4,3,openchat-3.5-1210,1.3,0.49878693
origin5,1,openchat-3.5-1210,0.2,0.23721714
origin5,1,openchat-3.5-1210,1.3,0.31799296
origin5,2,openchat-3.5-1210,0.2,0.25583982
origin5,2,openchat-3.5-1210,1.3,0.24722394
origin5,3,openchat-3.5-1210,0.2,0.3641151
origin5,3,openchat-3.5-1210,1.3,0.39037603
origin6,1,openchat-3.5-1210,0.2,0.10483267
origin6,1,openchat-3.5-1210,1.3,0.09826694
origin6,2,openchat-3.5-1210,0.2,0.123586215
origin6,2,openchat-3.5-1210,1.3,0.11207728
origin6,3,openchat-3.5-1210,0.2,0.37161714
origin6,3,openchat-3.5-1210,1.3,0.35019422
origin7,1,openchat-3.5-1210,0.2,0.271087
origin7,1,openchat-3.5-1210,1.3,0.42700085
origin7,2,openchat-3.5-1210,0.2,0.2531859
origin7,2,openchat-3.5-1210,1.3,0.2851625
origin7,3,openchat-3.5-1210,0.2,0.36041412
origin7,3,openchat-3.5-1210,1.3,0.3714914
origin8,1,openchat-3.5-1210,0.2,0.37066785
origin8,1,openchat-3.5-1210,1.3,0.48573047
origin8,2,openchat-3.5-1210,0.2,0.38403422
origin8,2,openchat-3.5-1210,1.3,0.45959845
origin8,3,openchat-3.5-1210,0.2,0.64116997
origin8,3,openchat-3.5-1210,1.3,0.6670179
origin9,1,openchat-3.5-1210,0.2,0.2310925
origin9,1,openchat-3.5-1210,1.3,0.33286056
origin9,2,openchat-3.5-1210,0.2,0.3180427
origin9,2,openchat-3.5-1210,1.3,0.4356521
origin9,3,openchat-3.5-1210,0.2,0.41247883
origin9,3,openchat-3.5-1210,1.3,0.3408843
origin1,1,mythomax-I2-13B-Q6,0.2,0.25532106
origin1,1,mythomax-I2-13B-Q6,1.3,0.29375392
origin1,2,mythomax-I2-13B-Q6,0.2,0.35120782
origin1,2,mythomax-I2-13B-Q6,1.3,0.346069
origin1,3,mythomax-I2-13B-Q6,0.2,0.589079
origin1,3,mythomax-I2-13B-Q6,1.3,0.61460423
origin10,1,mythomax-I2-13B-Q6,0.2,0.4477527
origin10,1,mythomax-I2-13B-Q6,1.3,0.4417193
origin10,2,mythomax-I2-13B-Q6,0.2,0.34252346
origin10,2,mythomax-I2-13B-Q6,1.3,0.6135412
origin10,3,mythomax-I2-13B-Q6,0.2,0.59603995
origin10,3,mythomax-I2-13B-Q6,1.3,0.49454847
origin2,1,mythomax-I2-13B-Q6,0.2,0.30300003
origin2,1,mythomax-I2-13B-Q6,1.3,0.42580634
origin2,2,mythomax-I2-13B-Q6,0.2,0.28113395
origin2,2,mythomax-I2-13B-Q6,1.3,0.33559412
origin2,3,mythomax-I2-13B-Q6,0.2,0.41338795
origin2,3,mythomax-I2-13B-Q6,1.3,0.4677601
origin3,1,mythomax-I2-13B-Q6,0.2,0.22573955
origin3,1,mythomax-I2-13B-Q6,1.3,0.21286614
origin3,2,mythomax-I2-13B-Q6,0.2,0.33538213
origin3,2,mythomax-I2-13B-Q6,1.3,0.37637812
origin3,3,mythomax-I2-13B-Q6,0.2,0.22447547
origin3,3,mythomax-I2-13B-Q6,1.3,0.3011401
origin4,1,mythomax-I2-13B-Q6,0.2,0.27515048
origin4,1,mythomax-I2-13B-Q6,1.3,0.28817484
origin4,2,mythomax-I2-13B-Q6,0.2,0.40209308
origin4,2,mythomax-I2-13B-Q6,1.3,0.37700674
origin4,3,mythomax-I2-13B-Q6,0.2,0.4671405
origin4,3,mythomax-I2-13B-Q6,1.3,0.4332263
origin5,1,mythomax-I2-13B-Q6,0.2,0.11988735
origin5,1,mythomax-I2-13B-Q6,1.3,0.1267861
origin5,2,mythomax-I2-13B-Q6,0.2,0.24452817
origin5,2,mythomax-I2-13B-Q6,1.3,0.28250143
origin5,3,mythomax-I2-13B-Q6,0.2,0.35835323
origin5,3,mythomax-I2-13B-Q6,1.3,0.29055297
origin6,1,mythomax-I2-13B-Q6,0.2,0.1064957
origin6,1,mythomax-I2-13B-Q6,1.3,0.11703011
origin6,2,mythomax-I2-13B-Q6,0.2,0.09727515
origin6,2,mythomax-I2-13B-Q6,1.3,0.13213941
origin6,3,mythomax-I2-13B-Q6,0.2,0.3002964
origin6,3,mythomax-I2-13B-Q6,1.3,0.4036006
origin7,1,mythomax-I2-13B-Q6,0.2,0.29540282
origin7,1,mythomax-I2-13B-Q6,1.3,0.44916764
origin7,2,mythomax-I2-13B-Q6,0.2,0.29152018
origin7,2,mythomax-I2-13B-Q6,1.3,0.31529698
origin7,3,mythomax-I2-13B-Q6,0.2,0.5698744
origin7,3,mythomax-I2-13B-Q6,1.3,0.5677835
origin8,1,mythomax-I2-13B-Q6,0.2,0.34846798
origin8,1,mythomax-I2-13B-Q6,1.3,0.32669905
origin8,2,mythomax-I2-13B-Q6,0.2,0.3894185
origin8,2,mythomax-I2-13B-Q6,1.3,0.47482023
origin8,3,mythomax-I2-13B-Q6,0.2,0.6502471
origin8,3,mythomax-I2-13B-Q6,1.3,0.67456114
origin9,1,mythomax-I2-13B-Q6,0.2,0.27828264
origin9,1,mythomax-I2-13B-Q6,1.3,0.40177464
origin9,2,mythomax-I2-13B-Q6,0.2,0.4146883
origin9,2,mythomax-I2-13B-Q6,1.3,0.3207406
origin9,3,mythomax-I2-13B-Q6,0.2,0.61278117
origin9,3,mythomax-I2-13B-Q6,1.3,0.59927225
