origin1,1,gpt2-large,0.2,0.5727625
origin1,1,gpt2-large,1.3,0.6034083
origin1,2,gpt2-large,0.2,0.598488
origin1,2,gpt2-large,1.3,0.7936863
origin1,3,gpt2-large,0.2,0.6571332
origin1,3,gpt2-large,1.3,0.76361454
origin10,28,gpt2-large,0.2,0.62483466
origin10,28,gpt2-large,1.3,0.577386
origin10,29,gpt2-large,0.2,0.5185958
origin10,29,gpt2-large,1.3,0.59319186
origin10,30,gpt2-large,0.2,0.61835533
origin10,30,gpt2-large,1.3,0.5100969
origin2,4,gpt2-large,0.2,0.85296345
origin2,4,gpt2-large,1.3,0.57701385
origin2,5,gpt2-large,0.2,0.82469845
origin2,5,gpt2-large,1.3,0.68890303
origin2,6,gpt2-large,0.2,0.59604514
origin2,6,gpt2-large,1.3,0.593689
origin3,7,gpt2-large,0.2,0.68209857
origin3,7,gpt2-large,1.3,0.6033532
origin3,8,gpt2-large,0.2,0.67444074
origin3,8,gpt2-large,1.3,0.52411133
origin3,9,gpt2-large,0.2,0.83074206
origin3,9,gpt2-large,1.3,0.6592883
origin4,10,gpt2-large,0.2,0.55496985
origin4,10,gpt2-large,1.3,0.551932
origin4,11,gpt2-large,0.2,0.66790295
origin4,11,gpt2-large,1.3,0.65887725
origin4,12,gpt2-large,0.2,0.6601685
origin4,12,gpt2-large,1.3,0.53376377
origin5,13,gpt2-large,0.2,0.48150247
origin5,13,gpt2-large,1.3,0.73451793
origin5,14,gpt2-large,0.2,0.63034654
origin5,14,gpt2-large,1.3,0.5944713
origin5,15,gpt2-large,0.2,0.63133776
origin5,15,gpt2-large,1.3,0.63946086
origin6,16,gpt2-large,0.2,0.66579187
origin6,16,gpt2-large,1.3,0.61911774
origin6,17,gpt2-large,0.2,0.47491318
origin6,17,gpt2-large,1.3,0.7816957
origin6,18,gpt2-large,0.2,0.73868436
origin6,18,gpt2-large,1.3,0.58918107
origin7,19,gpt2-large,0.2,0.71074396
origin7,19,gpt2-large,1.3,0.5568582
origin7,20,gpt2-large,0.2,0.7221719
origin7,20,gpt2-large,1.3,0.5922337
origin7,21,gpt2-large,0.2,0.7624871
origin7,21,gpt2-large,1.3,0.68645144
origin8,22,gpt2-large,0.2,0.6751136
origin8,22,gpt2-large,1.3,0.5836445
origin8,23,gpt2-large,0.2,0.7124771
origin8,23,gpt2-large,1.3,0.66947067
origin8,24,gpt2-large,0.2,0.6490877
origin8,24,gpt2-large,1.3,0.75643426
origin9,25,gpt2-large,0.2,0.55918306
origin9,25,gpt2-large,1.3,0.8004546
origin9,26,gpt2-large,0.2,0.62974614
origin9,26,gpt2-large,1.3,0.6936622
origin9,27,gpt2-large,0.2,0.7678668
origin9,27,gpt2-large,1.3,0.7099575
origin1,1,EleutherAI_gpt-neo-1.3B,0.2,0.8408364
origin1,1,EleutherAI_gpt-neo-1.3B,1.3,0.6597169
origin1,2,EleutherAI_gpt-neo-1.3B,0.2,0.83597344
origin1,2,EleutherAI_gpt-neo-1.3B,1.3,0.6609351
origin1,3,EleutherAI_gpt-neo-1.3B,0.2,0.83842945
origin1,3,EleutherAI_gpt-neo-1.3B,1.3,0.5246078
origin10,28,EleutherAI_gpt-neo-1.3B,0.2,0.6517786
origin10,28,EleutherAI_gpt-neo-1.3B,1.3,0.62397707
origin10,29,EleutherAI_gpt-neo-1.3B,0.2,0.8464815
origin10,29,EleutherAI_gpt-neo-1.3B,1.3,0.5476991
origin10,30,EleutherAI_gpt-neo-1.3B,0.2,0.68728507
origin10,30,EleutherAI_gpt-neo-1.3B,1.3,0.6248546
origin2,4,EleutherAI_gpt-neo-1.3B,0.2,0.76994133
origin2,4,EleutherAI_gpt-neo-1.3B,1.3,0.63444626
origin2,5,EleutherAI_gpt-neo-1.3B,0.2,0.5303532
origin2,5,EleutherAI_gpt-neo-1.3B,1.3,0.6729182
origin2,6,EleutherAI_gpt-neo-1.3B,0.2,0.64883673
origin2,6,EleutherAI_gpt-neo-1.3B,1.3,0.5717665
origin3,7,EleutherAI_gpt-neo-1.3B,0.2,0.7740476
origin3,7,EleutherAI_gpt-neo-1.3B,1.3,0.7359786
origin3,8,EleutherAI_gpt-neo-1.3B,0.2,0.71777
origin3,8,EleutherAI_gpt-neo-1.3B,1.3,0.65108
origin3,9,EleutherAI_gpt-neo-1.3B,0.2,0.846584
origin3,9,EleutherAI_gpt-neo-1.3B,1.3,0.543383
origin4,10,EleutherAI_gpt-neo-1.3B,0.2,0.7798823
origin4,10,EleutherAI_gpt-neo-1.3B,1.3,0.52401435
origin4,11,EleutherAI_gpt-neo-1.3B,0.2,0.7054295
origin4,11,EleutherAI_gpt-neo-1.3B,1.3,0.59293044
origin4,12,EleutherAI_gpt-neo-1.3B,0.2,0.7689874
origin4,12,EleutherAI_gpt-neo-1.3B,1.3,0.84037125
origin5,13,EleutherAI_gpt-neo-1.3B,0.2,0.55579484
origin5,13,EleutherAI_gpt-neo-1.3B,1.3,0.7873146
origin5,14,EleutherAI_gpt-neo-1.3B,0.2,0.6767025
origin5,14,EleutherAI_gpt-neo-1.3B,1.3,0.56438136
origin5,15,EleutherAI_gpt-neo-1.3B,0.2,0.8709777
origin5,15,EleutherAI_gpt-neo-1.3B,1.3,0.65179336
origin6,16,EleutherAI_gpt-neo-1.3B,0.2,0.91243
origin6,16,EleutherAI_gpt-neo-1.3B,1.3,0.6590887
origin6,17,EleutherAI_gpt-neo-1.3B,0.2,0.71466476
origin6,17,EleutherAI_gpt-neo-1.3B,1.3,0.558174
origin6,18,EleutherAI_gpt-neo-1.3B,0.2,0.7951297
origin6,18,EleutherAI_gpt-neo-1.3B,1.3,0.6845008
origin7,19,EleutherAI_gpt-neo-1.3B,0.2,0.8221544
origin7,19,EleutherAI_gpt-neo-1.3B,1.3,0.72769845
origin7,20,EleutherAI_gpt-neo-1.3B,0.2,0.807793
origin7,20,EleutherAI_gpt-neo-1.3B,1.3,0.6429036
origin7,21,EleutherAI_gpt-neo-1.3B,0.2,0.70210814
origin7,21,EleutherAI_gpt-neo-1.3B,1.3,0.59796184
origin8,22,EleutherAI_gpt-neo-1.3B,0.2,0.6318654
origin8,22,EleutherAI_gpt-neo-1.3B,1.3,0.65558326
origin8,23,EleutherAI_gpt-neo-1.3B,0.2,0.8708026
origin8,23,EleutherAI_gpt-neo-1.3B,1.3,0.7920779
origin8,24,EleutherAI_gpt-neo-1.3B,0.2,0.81775486
origin8,24,EleutherAI_gpt-neo-1.3B,1.3,0.79518515
origin9,25,EleutherAI_gpt-neo-1.3B,0.2,0.75908065
origin9,25,EleutherAI_gpt-neo-1.3B,1.3,0.6488785
origin9,26,EleutherAI_gpt-neo-1.3B,0.2,0.8236841
origin9,26,EleutherAI_gpt-neo-1.3B,1.3,0.6642454
origin9,27,EleutherAI_gpt-neo-1.3B,0.2,0.7721189
origin9,27,EleutherAI_gpt-neo-1.3B,1.3,0.60276264
origin1,1,gpt-3.5-turbo,0.2,0.27932435
origin1,1,gpt-3.5-turbo,1.3,0.2633112
origin1,2,gpt-3.5-turbo,0.2,0.32511228
origin1,2,gpt-3.5-turbo,1.3,0.3560027
origin1,3,gpt-3.5-turbo,0.2,0.56189036
origin1,3,gpt-3.5-turbo,1.3,0.5632526
origin10,28,gpt-3.5-turbo,0.2,0.4593555
origin10,28,gpt-3.5-turbo,1.3,0.4219131
origin10,29,gpt-3.5-turbo,0.2,0.33439842
origin10,29,gpt-3.5-turbo,1.3,0.3591365
origin10,30,gpt-3.5-turbo,0.2,0.69674844
origin10,30,gpt-3.5-turbo,1.3,0.57689756
origin2,4,gpt-3.5-turbo,0.2,0.30466995
origin2,4,gpt-3.5-turbo,1.3,0.27035254
origin2,5,gpt-3.5-turbo,0.2,0.36627033
origin2,5,gpt-3.5-turbo,1.3,0.28733212
origin2,6,gpt-3.5-turbo,0.2,0.3942802
origin2,6,gpt-3.5-turbo,1.3,0.470546
origin3,7,gpt-3.5-turbo,0.2,0.24271467
origin3,7,gpt-3.5-turbo,1.3,0.19408348
origin3,8,gpt-3.5-turbo,0.2,0.36818376
origin3,8,gpt-3.5-turbo,1.3,0.4238967
origin3,9,gpt-3.5-turbo,0.2,0.29095063
origin3,9,gpt-3.5-turbo,1.3,0.25945467
origin4,10,gpt-3.5-turbo,0.2,0.34601504
origin4,10,gpt-3.5-turbo,1.3,0.35131186
origin4,11,gpt-3.5-turbo,0.2,0.38809824
origin4,11,gpt-3.5-turbo,1.3,0.44895896
origin4,12,gpt-3.5-turbo,0.2,0.42758995
origin4,12,gpt-3.5-turbo,1.3,0.46816483
origin5,13,gpt-3.5-turbo,0.2,0.17551781
origin5,13,gpt-3.5-turbo,1.3,0.23563664
origin5,14,gpt-3.5-turbo,0.2,0.24514143
origin5,14,gpt-3.5-turbo,1.3,0.27405542
origin5,15,gpt-3.5-turbo,0.2,0.31954336
origin5,15,gpt-3.5-turbo,1.3,0.30001706
origin6,16,gpt-3.5-turbo,0.2,0.082038924
origin6,16,gpt-3.5-turbo,1.3,0.08797483
origin6,17,gpt-3.5-turbo,0.2,0.16162556
origin6,17,gpt-3.5-turbo,1.3,0.19200286
origin6,18,gpt-3.5-turbo,0.2,0.24265537
origin6,18,gpt-3.5-turbo,1.3,0.42020434
origin7,19,gpt-3.5-turbo,0.2,0.3025692
origin7,19,gpt-3.5-turbo,1.3,0.2325861
origin7,20,gpt-3.5-turbo,0.2,0.35145098
origin7,20,gpt-3.5-turbo,1.3,0.3568058
origin7,21,gpt-3.5-turbo,0.2,0.36798716
origin7,21,gpt-3.5-turbo,1.3,0.46398163
origin8,22,gpt-3.5-turbo,0.2,0.24831465
origin8,22,gpt-3.5-turbo,1.3,0.32773152
origin8,23,gpt-3.5-turbo,0.2,0.3751369
origin8,23,gpt-3.5-turbo,1.3,0.36416313
origin8,24,gpt-3.5-turbo,0.2,0.47051615
origin8,24,gpt-3.5-turbo,1.3,0.47302198
origin9,25,gpt-3.5-turbo,0.2,0.30194288
origin9,25,gpt-3.5-turbo,1.3,0.27806145
origin9,26,gpt-3.5-turbo,0.2,0.46470946
origin9,26,gpt-3.5-turbo,1.3,0.45553508
origin9,27,gpt-3.5-turbo,0.2,0.39363706
origin9,27,gpt-3.5-turbo,1.3,0.40925893
origin1,1,meta-llama_Llama-2-7b-chat-hf,0.2,0.27789715
origin1,1,meta-llama_Llama-2-7b-chat-hf,1.3,0.49300104
origin1,2,meta-llama_Llama-2-7b-chat-hf,0.2,0.3667207
origin1,2,meta-llama_Llama-2-7b-chat-hf,1.3,0.33571544
origin1,3,meta-llama_Llama-2-7b-chat-hf,0.2,0.5742043
origin1,3,meta-llama_Llama-2-7b-chat-hf,1.3,0.7206704
origin10,1,meta-llama_Llama-2-7b-chat-hf,0.2,0.4448877
origin10,1,meta-llama_Llama-2-7b-chat-hf,1.3,0.38342714
origin10,2,meta-llama_Llama-2-7b-chat-hf,0.2,0.31421882
origin10,2,meta-llama_Llama-2-7b-chat-hf,1.3,0.35539824
origin10,3,meta-llama_Llama-2-7b-chat-hf,0.2,0.58876723
origin10,3,meta-llama_Llama-2-7b-chat-hf,1.3,0.6287328
origin2,1,meta-llama_Llama-2-7b-chat-hf,0.2,0.30852506
origin2,1,meta-llama_Llama-2-7b-chat-hf,1.3,0.4062399
origin2,2,meta-llama_Llama-2-7b-chat-hf,0.2,0.3875278
origin2,2,meta-llama_Llama-2-7b-chat-hf,1.3,0.4342646
origin2,3,meta-llama_Llama-2-7b-chat-hf,0.2,0.54784065
origin2,3,meta-llama_Llama-2-7b-chat-hf,1.3,0.5134996
origin3,1,meta-llama_Llama-2-7b-chat-hf,0.2,0.2528705
origin3,1,meta-llama_Llama-2-7b-chat-hf,1.3,0.28434056
origin3,2,meta-llama_Llama-2-7b-chat-hf,0.2,0.37778267
origin3,2,meta-llama_Llama-2-7b-chat-hf,1.3,0.5024893
origin3,3,meta-llama_Llama-2-7b-chat-hf,0.2,0.28547153
origin3,3,meta-llama_Llama-2-7b-chat-hf,1.3,0.3589625
origin4,1,meta-llama_Llama-2-7b-chat-hf,0.2,0.39540523
origin4,1,meta-llama_Llama-2-7b-chat-hf,1.3,0.35817948
origin4,2,meta-llama_Llama-2-7b-chat-hf,0.2,0.3450922
origin4,2,meta-llama_Llama-2-7b-chat-hf,1.3,0.36956042
origin4,3,meta-llama_Llama-2-7b-chat-hf,0.2,0.3935888
origin4,3,meta-llama_Llama-2-7b-chat-hf,1.3,0.42511487
origin5,1,meta-llama_Llama-2-7b-chat-hf,0.2,0.22946891
origin5,1,meta-llama_Llama-2-7b-chat-hf,1.3,0.23699585
origin5,2,meta-llama_Llama-2-7b-chat-hf,0.2,0.24562792
origin5,2,meta-llama_Llama-2-7b-chat-hf,1.3,0.34328687
origin5,3,meta-llama_Llama-2-7b-chat-hf,0.2,0.39453205
origin5,3,meta-llama_Llama-2-7b-chat-hf,1.3,0.38206226
origin6,1,meta-llama_Llama-2-7b-chat-hf,0.2,0.13913536
origin6,1,meta-llama_Llama-2-7b-chat-hf,1.3,0.15312679
origin6,2,meta-llama_Llama-2-7b-chat-hf,0.2,0.21416774
origin6,2,meta-llama_Llama-2-7b-chat-hf,1.3,0.30511978
origin6,3,meta-llama_Llama-2-7b-chat-hf,0.2,0.40302485
origin6,3,meta-llama_Llama-2-7b-chat-hf,1.3,0.6271019
origin7,1,meta-llama_Llama-2-7b-chat-hf,0.2,0.3794784
origin7,1,meta-llama_Llama-2-7b-chat-hf,1.3,0.403889
origin7,2,meta-llama_Llama-2-7b-chat-hf,0.2,0.33223793
origin7,2,meta-llama_Llama-2-7b-chat-hf,1.3,0.3378169
origin7,3,meta-llama_Llama-2-7b-chat-hf,0.2,0.4281866
origin7,3,meta-llama_Llama-2-7b-chat-hf,1.3,0.38893068
origin8,1,meta-llama_Llama-2-7b-chat-hf,0.2,0.27680606
origin8,1,meta-llama_Llama-2-7b-chat-hf,1.3,0.29394037
origin8,2,meta-llama_Llama-2-7b-chat-hf,0.2,0.35650107
origin8,2,meta-llama_Llama-2-7b-chat-hf,1.3,0.39681107
origin8,3,meta-llama_Llama-2-7b-chat-hf,0.2,0.57587236
origin8,3,meta-llama_Llama-2-7b-chat-hf,1.3,0.5660145
origin9,1,meta-llama_Llama-2-7b-chat-hf,0.2,0.2504354
origin9,1,meta-llama_Llama-2-7b-chat-hf,1.3,0.2581571
origin9,2,meta-llama_Llama-2-7b-chat-hf,0.2,0.3518544
origin9,2,meta-llama_Llama-2-7b-chat-hf,1.3,0.34722143
origin9,3,meta-llama_Llama-2-7b-chat-hf,0.2,0.54613143
origin9,3,meta-llama_Llama-2-7b-chat-hf,1.3,0.57167757
origin1,1,Mistral-7B-Instruct-v0.2,0.2,0.26139393
origin1,1,Mistral-7B-Instruct-v0.2,1.3,0.30971318
origin1,2,Mistral-7B-Instruct-v0.2,0.2,0.32761922
origin1,2,Mistral-7B-Instruct-v0.2,1.3,0.41535115
origin1,3,Mistral-7B-Instruct-v0.2,0.2,0.52700466
origin1,3,Mistral-7B-Instruct-v0.2,1.3,0.58101195
origin10,28,Mistral-7B-Instruct-v0.2,0.2,0.41522375
origin10,28,Mistral-7B-Instruct-v0.2,1.3,0.45631772
origin10,29,Mistral-7B-Instruct-v0.2,0.2,0.30468547
origin10,29,Mistral-7B-Instruct-v0.2,1.3,0.3845758
origin10,30,Mistral-7B-Instruct-v0.2,0.2,0.48942938
origin10,30,Mistral-7B-Instruct-v0.2,1.3,0.64680564
origin2,4,Mistral-7B-Instruct-v0.2,0.2,0.33217907
origin2,4,Mistral-7B-Instruct-v0.2,1.3,0.3641124
origin2,5,Mistral-7B-Instruct-v0.2,0.2,0.33447126
origin2,5,Mistral-7B-Instruct-v0.2,1.3,0.4320218
origin2,6,Mistral-7B-Instruct-v0.2,0.2,0.5802783
origin2,6,Mistral-7B-Instruct-v0.2,1.3,0.5977777
origin3,7,Mistral-7B-Instruct-v0.2,0.2,0.20698075
origin3,7,Mistral-7B-Instruct-v0.2,1.3,0.27182895
origin3,8,Mistral-7B-Instruct-v0.2,0.2,0.4178714
origin3,8,Mistral-7B-Instruct-v0.2,1.3,0.49139363
origin3,9,Mistral-7B-Instruct-v0.2,0.2,0.2913485
origin3,9,Mistral-7B-Instruct-v0.2,1.3,0.36362058
origin4,10,Mistral-7B-Instruct-v0.2,0.2,0.34160224
origin4,10,Mistral-7B-Instruct-v0.2,1.3,0.38410053
origin4,11,Mistral-7B-Instruct-v0.2,0.2,0.37776524
origin4,11,Mistral-7B-Instruct-v0.2,1.3,0.4154604
origin4,12,Mistral-7B-Instruct-v0.2,0.2,0.41648713
origin4,12,Mistral-7B-Instruct-v0.2,1.3,0.3885482
origin5,13,Mistral-7B-Instruct-v0.2,0.2,0.28634593
origin5,13,Mistral-7B-Instruct-v0.2,1.3,0.27486587
origin5,14,Mistral-7B-Instruct-v0.2,0.2,0.26125783
origin5,14,Mistral-7B-Instruct-v0.2,1.3,0.23668084
origin5,15,Mistral-7B-Instruct-v0.2,0.2,0.25023845
origin5,15,Mistral-7B-Instruct-v0.2,1.3,0.3379938
origin6,16,Mistral-7B-Instruct-v0.2,0.2,0.133677
origin6,16,Mistral-7B-Instruct-v0.2,1.3,0.22153644
origin6,17,Mistral-7B-Instruct-v0.2,0.2,0.1728143
origin6,17,Mistral-7B-Instruct-v0.2,1.3,0.32812342
origin6,18,Mistral-7B-Instruct-v0.2,0.2,0.39664027
origin6,18,Mistral-7B-Instruct-v0.2,1.3,0.6265918
origin7,19,Mistral-7B-Instruct-v0.2,0.2,0.33592337
origin7,19,Mistral-7B-Instruct-v0.2,1.3,0.38847604
origin7,20,Mistral-7B-Instruct-v0.2,0.2,0.32638475
origin7,20,Mistral-7B-Instruct-v0.2,1.3,0.3731912
origin7,21,Mistral-7B-Instruct-v0.2,0.2,0.37783617
origin7,21,Mistral-7B-Instruct-v0.2,1.3,0.43851414
origin8,22,Mistral-7B-Instruct-v0.2,0.2,0.2889262
origin8,22,Mistral-7B-Instruct-v0.2,1.3,0.35159358
origin8,23,Mistral-7B-Instruct-v0.2,0.2,0.37188846
origin8,23,Mistral-7B-Instruct-v0.2,1.3,0.36700955
origin8,24,Mistral-7B-Instruct-v0.2,0.2,0.62678075
origin8,24,Mistral-7B-Instruct-v0.2,1.3,0.5598133
origin9,25,Mistral-7B-Instruct-v0.2,0.2,0.38528675
origin9,25,Mistral-7B-Instruct-v0.2,1.3,0.27019158
origin9,26,Mistral-7B-Instruct-v0.2,0.2,0.4480936
origin9,26,Mistral-7B-Instruct-v0.2,1.3,0.38974267
origin9,27,Mistral-7B-Instruct-v0.2,0.2,0.40785813
origin9,27,Mistral-7B-Instruct-v0.2,1.3,0.44057846
origin1,1,HuggingFaceTB_SmolLM-360M,0.2,0.5407855
origin1,1,HuggingFaceTB_SmolLM-360M,1.3,0.5823822
origin1,2,HuggingFaceTB_SmolLM-360M,0.2,0.71930873
origin1,2,HuggingFaceTB_SmolLM-360M,1.3,0.5133242
origin1,3,HuggingFaceTB_SmolLM-360M,0.2,0.7959718
origin1,3,HuggingFaceTB_SmolLM-360M,1.3,0.6064764
origin10,1,HuggingFaceTB_SmolLM-360M,0.2,0.7603663
origin10,1,HuggingFaceTB_SmolLM-360M,1.3,0.6158853
origin10,2,HuggingFaceTB_SmolLM-360M,0.2,0.51690835
origin10,2,HuggingFaceTB_SmolLM-360M,1.3,0.5053594
origin10,3,HuggingFaceTB_SmolLM-360M,0.2,0.7554188
origin10,3,HuggingFaceTB_SmolLM-360M,1.3,0.5520153
origin2,1,HuggingFaceTB_SmolLM-360M,0.2,0.82099104
origin2,1,HuggingFaceTB_SmolLM-360M,1.3,0.71483135
origin2,2,HuggingFaceTB_SmolLM-360M,0.2,0.77349293
origin2,2,HuggingFaceTB_SmolLM-360M,1.3,0.5197922
origin2,3,HuggingFaceTB_SmolLM-360M,0.2,0.7960485
origin2,3,HuggingFaceTB_SmolLM-360M,1.3,0.57440925
origin3,1,HuggingFaceTB_SmolLM-360M,0.2,0.68182874
origin3,1,HuggingFaceTB_SmolLM-360M,1.3,0.5532821
origin3,2,HuggingFaceTB_SmolLM-360M,0.2,0.58653927
origin3,2,HuggingFaceTB_SmolLM-360M,1.3,0.6086421
origin3,3,HuggingFaceTB_SmolLM-360M,0.2,0.76378477
origin3,3,HuggingFaceTB_SmolLM-360M,1.3,0.53783596
origin4,1,HuggingFaceTB_SmolLM-360M,0.2,0.5014504
origin4,1,HuggingFaceTB_SmolLM-360M,1.3,0.7391406
origin4,2,HuggingFaceTB_SmolLM-360M,0.2,0.73557925
origin4,2,HuggingFaceTB_SmolLM-360M,1.3,0.5358886
origin4,3,HuggingFaceTB_SmolLM-360M,0.2,0.79963267
origin4,3,HuggingFaceTB_SmolLM-360M,1.3,0.5932476
origin5,1,HuggingFaceTB_SmolLM-360M,0.2,0.29127634
origin5,1,HuggingFaceTB_SmolLM-360M,1.3,0.70648
origin5,2,HuggingFaceTB_SmolLM-360M,0.2,0.4712306
origin5,2,HuggingFaceTB_SmolLM-360M,1.3,0.7992302
origin5,3,HuggingFaceTB_SmolLM-360M,0.2,0.5484788
origin5,3,HuggingFaceTB_SmolLM-360M,1.3,0.5425323
origin6,1,HuggingFaceTB_SmolLM-360M,0.2,0.28912956
origin6,1,HuggingFaceTB_SmolLM-360M,1.3,0.58357036
origin6,2,HuggingFaceTB_SmolLM-360M,0.2,0.35046944
origin6,2,HuggingFaceTB_SmolLM-360M,1.3,0.6253124
origin6,3,HuggingFaceTB_SmolLM-360M,0.2,0.75762504
origin6,3,HuggingFaceTB_SmolLM-360M,1.3,0.62576854
origin7,1,HuggingFaceTB_SmolLM-360M,0.2,0.6333158
origin7,1,HuggingFaceTB_SmolLM-360M,1.3,0.5165588
origin7,2,HuggingFaceTB_SmolLM-360M,0.2,0.46485534
origin7,2,HuggingFaceTB_SmolLM-360M,1.3,0.61839736
origin7,3,HuggingFaceTB_SmolLM-360M,0.2,0.75700665
origin7,3,HuggingFaceTB_SmolLM-360M,1.3,0.6502753
origin8,1,HuggingFaceTB_SmolLM-360M,0.2,0.62820184
origin8,1,HuggingFaceTB_SmolLM-360M,1.3,0.6030987
origin8,2,HuggingFaceTB_SmolLM-360M,0.2,0.66979223
origin8,2,HuggingFaceTB_SmolLM-360M,1.3,0.5827583
origin8,3,HuggingFaceTB_SmolLM-360M,0.2,0.71232986
origin8,3,HuggingFaceTB_SmolLM-360M,1.3,0.7679663
origin9,1,HuggingFaceTB_SmolLM-360M,0.2,0.60071176
origin9,1,HuggingFaceTB_SmolLM-360M,1.3,0.5115717
origin9,2,HuggingFaceTB_SmolLM-360M,0.2,0.80597705
origin9,2,HuggingFaceTB_SmolLM-360M,1.3,0.5825077
origin9,3,HuggingFaceTB_SmolLM-360M,0.2,0.67776334
origin9,3,HuggingFaceTB_SmolLM-360M,1.3,0.5846088
origin1,1,microsoft_phi-2,0.2,0.34376264
origin1,1,microsoft_phi-2,1.3,0.62904996
origin1,2,microsoft_phi-2,0.2,0.39354867
origin1,2,microsoft_phi-2,1.3,0.5642845
origin1,3,microsoft_phi-2,0.2,0.650004
origin1,3,microsoft_phi-2,1.3,0.6800726
origin10,1,microsoft_phi-2,0.2,0.5715688
origin10,1,microsoft_phi-2,1.3,0.7788328
origin10,2,microsoft_phi-2,0.2,0.4111529
origin10,2,microsoft_phi-2,1.3,0.6935257
origin10,3,microsoft_phi-2,0.2,0.7358041
origin10,3,microsoft_phi-2,1.3,0.7756941
origin2,1,microsoft_phi-2,0.2,0.30850402
origin2,1,microsoft_phi-2,1.3,0.68717325
origin2,2,microsoft_phi-2,0.2,0.34989098
origin2,2,microsoft_phi-2,1.3,0.65852165
origin2,3,microsoft_phi-2,0.2,0.46965355
origin2,3,microsoft_phi-2,1.3,0.6765183
origin3,1,microsoft_phi-2,0.2,0.32915318
origin3,1,microsoft_phi-2,1.3,0.6207973
origin3,2,microsoft_phi-2,0.2,0.39822263
origin3,2,microsoft_phi-2,1.3,0.6573157
origin3,3,microsoft_phi-2,0.2,0.39466012
origin3,3,microsoft_phi-2,1.3,0.7408675
origin4,1,microsoft_phi-2,0.2,0.3983789
origin4,1,microsoft_phi-2,1.3,0.6103564
origin4,2,microsoft_phi-2,0.2,0.41914502
origin4,2,microsoft_phi-2,1.3,0.7955548
origin4,3,microsoft_phi-2,0.2,0.6966475
origin4,3,microsoft_phi-2,1.3,0.56916064
origin5,1,microsoft_phi-2,0.2,0.16647224
origin5,1,microsoft_phi-2,1.3,0.57435834
origin5,2,microsoft_phi-2,0.2,0.32580417
origin5,2,microsoft_phi-2,1.3,0.6525819
origin5,3,microsoft_phi-2,0.2,0.5819067
origin5,3,microsoft_phi-2,1.3,0.7335373
origin6,1,microsoft_phi-2,0.2,0.06354045
origin6,1,microsoft_phi-2,1.3,0.5719577
origin6,2,microsoft_phi-2,0.2,0.21092391
origin6,2,microsoft_phi-2,1.3,0.6214553
origin6,3,microsoft_phi-2,0.2,0.4136227
origin6,3,microsoft_phi-2,1.3,0.5613534
origin7,1,microsoft_phi-2,0.2,0.36363858
origin7,1,microsoft_phi-2,1.3,0.63127553
origin7,2,microsoft_phi-2,0.2,0.29011193
origin7,2,microsoft_phi-2,1.3,0.6769782
origin7,3,microsoft_phi-2,0.2,0.6145668
origin7,3,microsoft_phi-2,1.3,0.67645705
origin8,1,microsoft_phi-2,0.2,0.46211943
origin8,1,microsoft_phi-2,1.3,0.5582779
origin8,2,microsoft_phi-2,0.2,0.47560945
origin8,2,microsoft_phi-2,1.3,0.61457247
origin8,3,microsoft_phi-2,0.2,0.5658789
origin8,3,microsoft_phi-2,1.3,0.6695012
origin9,1,microsoft_phi-2,0.2,0.54069173
origin9,1,microsoft_phi-2,1.3,0.7496022
origin9,2,microsoft_phi-2,0.2,0.46564332
origin9,2,microsoft_phi-2,1.3,0.8090518
origin9,3,microsoft_phi-2,0.2,0.6936711
origin9,3,microsoft_phi-2,1.3,0.6522355
origin1,1,stabilityai_StableBeluga-7B,0.2,0.29395705
origin1,1,stabilityai_StableBeluga-7B,1.3,0.62327164
origin1,2,stabilityai_StableBeluga-7B,0.2,0.3105757
origin1,2,stabilityai_StableBeluga-7B,1.3,0.43953028
origin1,3,stabilityai_StableBeluga-7B,0.2,0.6026031
origin1,3,stabilityai_StableBeluga-7B,1.3,0.66721296
origin10,1,stabilityai_StableBeluga-7B,0.2,0.5101073
origin10,1,stabilityai_StableBeluga-7B,1.3,0.51745737
origin10,2,stabilityai_StableBeluga-7B,0.2,0.4262883
origin10,2,stabilityai_StableBeluga-7B,1.3,0.50456536
origin10,3,stabilityai_StableBeluga-7B,0.2,0.615029
origin10,3,stabilityai_StableBeluga-7B,1.3,0.6741234
origin2,1,stabilityai_StableBeluga-7B,0.2,0.3135181
origin2,1,stabilityai_StableBeluga-7B,1.3,0.60756195
origin2,2,stabilityai_StableBeluga-7B,0.2,0.3519122
origin2,2,stabilityai_StableBeluga-7B,1.3,0.42105207
origin2,3,stabilityai_StableBeluga-7B,0.2,0.42681876
origin2,3,stabilityai_StableBeluga-7B,1.3,0.47671652
origin3,1,stabilityai_StableBeluga-7B,0.2,0.30658096
origin3,1,stabilityai_StableBeluga-7B,1.3,0.2689105
origin3,2,stabilityai_StableBeluga-7B,0.2,0.40217108
origin3,2,stabilityai_StableBeluga-7B,1.3,0.41805688
origin3,3,stabilityai_StableBeluga-7B,0.2,0.29804698
origin3,3,stabilityai_StableBeluga-7B,1.3,0.3898671
origin4,1,stabilityai_StableBeluga-7B,0.2,0.3317507
origin4,1,stabilityai_StableBeluga-7B,1.3,0.59919447
origin4,2,stabilityai_StableBeluga-7B,0.2,0.39300114
origin4,2,stabilityai_StableBeluga-7B,1.3,0.5157565
origin4,3,stabilityai_StableBeluga-7B,0.2,0.58223647
origin4,3,stabilityai_StableBeluga-7B,1.3,0.7265122
origin5,1,stabilityai_StableBeluga-7B,0.2,0.25713992
origin5,1,stabilityai_StableBeluga-7B,1.3,0.34074947
origin5,2,stabilityai_StableBeluga-7B,0.2,0.21857873
origin5,2,stabilityai_StableBeluga-7B,1.3,0.28427517
origin5,3,stabilityai_StableBeluga-7B,0.2,0.45381594
origin5,3,stabilityai_StableBeluga-7B,1.3,0.3321982
origin6,1,stabilityai_StableBeluga-7B,0.2,0.13663676
origin6,1,stabilityai_StableBeluga-7B,1.3,0.21257575
origin6,2,stabilityai_StableBeluga-7B,0.2,0.1388091
origin6,2,stabilityai_StableBeluga-7B,1.3,0.28868055
origin6,3,stabilityai_StableBeluga-7B,0.2,0.36117232
origin6,3,stabilityai_StableBeluga-7B,1.3,0.53925985
origin7,1,stabilityai_StableBeluga-7B,0.2,0.34693494
origin7,1,stabilityai_StableBeluga-7B,1.3,0.40419698
origin7,2,stabilityai_StableBeluga-7B,0.2,0.36277968
origin7,2,stabilityai_StableBeluga-7B,1.3,0.4092787
origin7,3,stabilityai_StableBeluga-7B,0.2,0.5197598
origin7,3,stabilityai_StableBeluga-7B,1.3,0.63998586
origin8,1,stabilityai_StableBeluga-7B,0.2,0.29281247
origin8,1,stabilityai_StableBeluga-7B,1.3,0.44487834
origin8,2,stabilityai_StableBeluga-7B,0.2,0.4032286
origin8,2,stabilityai_StableBeluga-7B,1.3,0.46846947
origin8,3,stabilityai_StableBeluga-7B,0.2,0.64149946
origin8,3,stabilityai_StableBeluga-7B,1.3,0.7809675
origin9,1,stabilityai_StableBeluga-7B,0.2,0.41694945
origin9,1,stabilityai_StableBeluga-7B,1.3,0.6068334
origin9,2,stabilityai_StableBeluga-7B,0.2,0.3680688
origin9,2,stabilityai_StableBeluga-7B,1.3,0.5049249
origin9,3,stabilityai_StableBeluga-7B,0.2,0.64048994
origin9,3,stabilityai_StableBeluga-7B,1.3,0.62633085
origin1,1,openchat-3.5-1210,0.2,0.32281324
origin1,1,openchat-3.5-1210,1.3,0.31871814
origin1,2,openchat-3.5-1210,0.2,0.32307392
origin1,2,openchat-3.5-1210,1.3,0.37208667
origin1,3,openchat-3.5-1210,0.2,0.64223796
origin1,3,openchat-3.5-1210,1.3,0.5943252
origin10,1,openchat-3.5-1210,0.2,0.4518497
origin10,1,openchat-3.5-1210,1.3,0.48473182
origin10,2,openchat-3.5-1210,0.2,0.27217495
origin10,2,openchat-3.5-1210,1.3,0.40622386
origin10,3,openchat-3.5-1210,0.2,0.5797553
origin10,3,openchat-3.5-1210,1.3,0.6801733
origin2,1,openchat-3.5-1210,0.2,0.3153125
origin2,1,openchat-3.5-1210,1.3,0.3440933
origin2,2,openchat-3.5-1210,0.2,0.36605936
origin2,2,openchat-3.5-1210,1.3,0.3299476
origin2,3,openchat-3.5-1210,0.2,0.50034225
origin2,3,openchat-3.5-1210,1.3,0.52506477
origin3,1,openchat-3.5-1210,0.2,0.2625051
origin3,1,openchat-3.5-1210,1.3,0.29748347
origin3,2,openchat-3.5-1210,0.2,0.41225737
origin3,2,openchat-3.5-1210,1.3,0.4556512
origin3,3,openchat-3.5-1210,0.2,0.405627
origin3,3,openchat-3.5-1210,1.3,0.33877066
origin4,1,openchat-3.5-1210,0.2,0.36628118
origin4,1,openchat-3.5-1210,1.3,0.48595977
origin4,2,openchat-3.5-1210,0.2,0.4333179
origin4,2,openchat-3.5-1210,1.3,0.4377997
origin4,3,openchat-3.5-1210,0.2,0.56063557
origin4,3,openchat-3.5-1210,1.3,0.547252
origin5,1,openchat-3.5-1210,0.2,0.2524307
origin5,1,openchat-3.5-1210,1.3,0.3038341
origin5,2,openchat-3.5-1210,0.2,0.25591725
origin5,2,openchat-3.5-1210,1.3,0.29979324
origin5,3,openchat-3.5-1210,0.2,0.36627918
origin5,3,openchat-3.5-1210,1.3,0.33294994
origin6,1,openchat-3.5-1210,0.2,0.11379075
origin6,1,openchat-3.5-1210,1.3,0.14462738
origin6,2,openchat-3.5-1210,0.2,0.23451403
origin6,2,openchat-3.5-1210,1.3,0.18099745
origin6,3,openchat-3.5-1210,0.2,0.40761143
origin6,3,openchat-3.5-1210,1.3,0.42334032
origin7,1,openchat-3.5-1210,0.2,0.3294076
origin7,1,openchat-3.5-1210,1.3,0.46764088
origin7,2,openchat-3.5-1210,0.2,0.30433208
origin7,2,openchat-3.5-1210,1.3,0.3281712
origin7,3,openchat-3.5-1210,0.2,0.47059903
origin7,3,openchat-3.5-1210,1.3,0.44540095
origin8,1,openchat-3.5-1210,0.2,0.34371144
origin8,1,openchat-3.5-1210,1.3,0.5352578
origin8,2,openchat-3.5-1210,0.2,0.3921364
origin8,2,openchat-3.5-1210,1.3,0.48869666
origin8,3,openchat-3.5-1210,0.2,0.6225647
origin8,3,openchat-3.5-1210,1.3,0.63296145
origin9,1,openchat-3.5-1210,0.2,0.2621073
origin9,1,openchat-3.5-1210,1.3,0.45537338
origin9,2,openchat-3.5-1210,0.2,0.3626365
origin9,2,openchat-3.5-1210,1.3,0.5294889
origin9,3,openchat-3.5-1210,0.2,0.5173212
origin9,3,openchat-3.5-1210,1.3,0.53254455
origin1,1,mythomax-I2-13B-Q6,0.2,0.2339402
origin1,1,mythomax-I2-13B-Q6,1.3,0.2999039
origin1,2,mythomax-I2-13B-Q6,0.2,0.34920263
origin1,2,mythomax-I2-13B-Q6,1.3,0.35227722
origin1,3,mythomax-I2-13B-Q6,0.2,0.6708125
origin1,3,mythomax-I2-13B-Q6,1.3,0.66043895
origin10,1,mythomax-I2-13B-Q6,0.2,0.437672
origin10,1,mythomax-I2-13B-Q6,1.3,0.512329
origin10,2,mythomax-I2-13B-Q6,0.2,0.351605
origin10,2,mythomax-I2-13B-Q6,1.3,0.6208428
origin10,3,mythomax-I2-13B-Q6,0.2,0.65913326
origin10,3,mythomax-I2-13B-Q6,1.3,0.5733565
origin2,1,mythomax-I2-13B-Q6,0.2,0.37205166
origin2,1,mythomax-I2-13B-Q6,1.3,0.45334262
origin2,2,mythomax-I2-13B-Q6,0.2,0.31719345
origin2,2,mythomax-I2-13B-Q6,1.3,0.41717356
origin2,3,mythomax-I2-13B-Q6,0.2,0.38391536
origin2,3,mythomax-I2-13B-Q6,1.3,0.4678033
origin3,1,mythomax-I2-13B-Q6,0.2,0.23730516
origin3,1,mythomax-I2-13B-Q6,1.3,0.28021437
origin3,2,mythomax-I2-13B-Q6,0.2,0.37598342
origin3,2,mythomax-I2-13B-Q6,1.3,0.40594515
origin3,3,mythomax-I2-13B-Q6,0.2,0.28334528
origin3,3,mythomax-I2-13B-Q6,1.3,0.3231751
origin4,1,mythomax-I2-13B-Q6,0.2,0.3129188
origin4,1,mythomax-I2-13B-Q6,1.3,0.29264528
origin4,2,mythomax-I2-13B-Q6,0.2,0.46875563
origin4,2,mythomax-I2-13B-Q6,1.3,0.4388238
origin4,3,mythomax-I2-13B-Q6,0.2,0.50021183
origin4,3,mythomax-I2-13B-Q6,1.3,0.46632296
origin5,1,mythomax-I2-13B-Q6,0.2,0.15017018
origin5,1,mythomax-I2-13B-Q6,1.3,0.15139887
origin5,2,mythomax-I2-13B-Q6,0.2,0.23385577
origin5,2,mythomax-I2-13B-Q6,1.3,0.30813456
origin5,3,mythomax-I2-13B-Q6,0.2,0.3999939
origin5,3,mythomax-I2-13B-Q6,1.3,0.3261441
origin6,1,mythomax-I2-13B-Q6,0.2,0.11274455
origin6,1,mythomax-I2-13B-Q6,1.3,0.16046011
origin6,2,mythomax-I2-13B-Q6,0.2,0.14204466
origin6,2,mythomax-I2-13B-Q6,1.3,0.14846241
origin6,3,mythomax-I2-13B-Q6,0.2,0.34540546
origin6,3,mythomax-I2-13B-Q6,1.3,0.4216834
origin7,1,mythomax-I2-13B-Q6,0.2,0.3082123
origin7,1,mythomax-I2-13B-Q6,1.3,0.39429495
origin7,2,mythomax-I2-13B-Q6,0.2,0.33307102
origin7,2,mythomax-I2-13B-Q6,1.3,0.36424947
origin7,3,mythomax-I2-13B-Q6,0.2,0.6341368
origin7,3,mythomax-I2-13B-Q6,1.3,0.53928286
origin8,1,mythomax-I2-13B-Q6,0.2,0.27479154
origin8,1,mythomax-I2-13B-Q6,1.3,0.24408638
origin8,2,mythomax-I2-13B-Q6,0.2,0.44259405
origin8,2,mythomax-I2-13B-Q6,1.3,0.45058006
origin8,3,mythomax-I2-13B-Q6,0.2,0.65151227
origin8,3,mythomax-I2-13B-Q6,1.3,0.732189
origin9,1,mythomax-I2-13B-Q6,0.2,0.33946958
origin9,1,mythomax-I2-13B-Q6,1.3,0.41579065
origin9,2,mythomax-I2-13B-Q6,0.2,0.498245
origin9,2,mythomax-I2-13B-Q6,1.3,0.43913895
origin9,3,mythomax-I2-13B-Q6,0.2,0.61356413
origin9,3,mythomax-I2-13B-Q6,1.3,0.59189117
