origin1-1,gpt2-large,0.2,0.6612696
origin1-1,gpt2-large,1.3,0.58893573
origin1-2,gpt2-large,0.2,0.7242676
origin1-2,gpt2-large,1.3,0.611037
origin1-3,gpt2-large,0.2,0.6351585
origin1-3,gpt2-large,1.3,0.41811076
origin1-4,gpt2-large,0.2,0.65321743
origin1-4,gpt2-large,1.3,0.5519353
origin1-5,gpt2-large,0.2,0.69805235
origin1-5,gpt2-large,1.3,0.5017278
origin10-1,gpt2-large,0.2,0.61763805
origin10-1,gpt2-large,1.3,0.55857015
origin10-2,gpt2-large,0.2,0.52688104
origin10-2,gpt2-large,1.3,0.50933194
origin10-3,gpt2-large,0.2,0.7282677
origin10-3,gpt2-large,1.3,0.65260476
origin10-4,gpt2-large,0.2,0.6322857
origin10-4,gpt2-large,1.3,0.67609227
origin10-5,gpt2-large,0.2,0.5534002
origin10-5,gpt2-large,1.3,0.43651843
origin2-1,gpt2-large,0.2,0.7387351
origin2-1,gpt2-large,1.3,0.5821448
origin2-2,gpt2-large,0.2,0.70731586
origin2-2,gpt2-large,1.3,0.6089719
origin2-3,gpt2-large,0.2,0.60066867
origin2-3,gpt2-large,1.3,0.36854407
origin2-4,gpt2-large,0.2,0.711455
origin2-4,gpt2-large,1.3,0.4675664
origin2-5,gpt2-large,0.2,0.7384563
origin2-5,gpt2-large,1.3,0.48924482
origin3-1,gpt2-large,0.2,0.70822334
origin3-1,gpt2-large,1.3,0.4770957
origin3-2,gpt2-large,0.2,0.5291888
origin3-2,gpt2-large,1.3,0.5807712
origin3-3,gpt2-large,0.2,0.6392007
origin3-3,gpt2-large,1.3,0.43488997
origin3-4,gpt2-large,0.2,0.67188984
origin3-4,gpt2-large,1.3,0.54450566
origin3-5,gpt2-large,0.2,0.6968636
origin3-5,gpt2-large,1.3,0.5108737
origin4-1,gpt2-large,0.2,0.5602935
origin4-1,gpt2-large,1.3,0.56585354
origin4-2,gpt2-large,0.2,0.70074594
origin4-2,gpt2-large,1.3,0.57559067
origin4-3,gpt2-large,0.2,0.71684366
origin4-3,gpt2-large,1.3,0.54897547
origin4-4,gpt2-large,0.2,0.6076928
origin4-4,gpt2-large,1.3,0.52066207
origin4-5,gpt2-large,0.2,0.76202947
origin4-5,gpt2-large,1.3,0.53014237
origin5-1,gpt2-large,0.2,0.5658869
origin5-1,gpt2-large,1.3,0.67647594
origin5-2,gpt2-large,0.2,0.57658094
origin5-2,gpt2-large,1.3,0.54068065
origin5-3,gpt2-large,0.2,0.49489513
origin5-3,gpt2-large,1.3,0.5290264
origin5-4,gpt2-large,0.2,0.67744434
origin5-4,gpt2-large,1.3,0.6056234
origin5-5,gpt2-large,0.2,0.74827605
origin5-5,gpt2-large,1.3,0.52227074
origin6-1,gpt2-large,0.2,0.68640935
origin6-1,gpt2-large,1.3,0.5591367
origin6-2,gpt2-large,0.2,0.578928
origin6-2,gpt2-large,1.3,0.52366567
origin6-3,gpt2-large,0.2,0.67891586
origin6-3,gpt2-large,1.3,0.54500055
origin6-4,gpt2-large,0.2,0.61302173
origin6-4,gpt2-large,1.3,0.47403765
origin6-5,gpt2-large,0.2,0.71050715
origin6-5,gpt2-large,1.3,0.55526716
origin7-1,gpt2-large,0.2,0.55806434
origin7-1,gpt2-large,1.3,0.44792518
origin7-2,gpt2-large,0.2,0.61937386
origin7-2,gpt2-large,1.3,0.61971277
origin7-3,gpt2-large,0.2,0.75012374
origin7-3,gpt2-large,1.3,0.5054727
origin7-4,gpt2-large,0.2,0.76907706
origin7-4,gpt2-large,1.3,0.5260798
origin7-5,gpt2-large,0.2,0.65186936
origin7-5,gpt2-large,1.3,0.6191241
origin8-1,gpt2-large,0.2,0.81354135
origin8-1,gpt2-large,1.3,0.5238287
origin8-2,gpt2-large,0.2,0.76344836
origin8-2,gpt2-large,1.3,0.4937298
origin8-3,gpt2-large,0.2,0.5122145
origin8-3,gpt2-large,1.3,0.5939595
origin8-4,gpt2-large,0.2,0.8392589
origin8-4,gpt2-large,1.3,0.5122977
origin8-5,gpt2-large,0.2,0.7830465
origin8-5,gpt2-large,1.3,0.5405332
origin9-1,gpt2-large,0.2,0.63132995
origin9-1,gpt2-large,1.3,0.5952227
origin9-2,gpt2-large,0.2,0.79289883
origin9-2,gpt2-large,1.3,0.64710504
origin9-3,gpt2-large,0.2,0.78653616
origin9-3,gpt2-large,1.3,0.6035375
origin9-4,gpt2-large,0.2,0.80397344
origin9-4,gpt2-large,1.3,0.6113347
origin9-5,gpt2-large,0.2,0.72375053
origin9-5,gpt2-large,1.3,0.5094386
origin1-1,EleutherAI_gpt-neo-1.3B,0.2,0.6497641
origin1-1,EleutherAI_gpt-neo-1.3B,1.3,0.6310312
origin1-2,EleutherAI_gpt-neo-1.3B,0.2,0.7304151
origin1-2,EleutherAI_gpt-neo-1.3B,1.3,0.6426983
origin1-3,EleutherAI_gpt-neo-1.3B,0.2,0.7622415
origin1-3,EleutherAI_gpt-neo-1.3B,1.3,0.52148056
origin1-4,EleutherAI_gpt-neo-1.3B,0.2,0.66657245
origin1-4,EleutherAI_gpt-neo-1.3B,1.3,0.6166363
origin1-5,EleutherAI_gpt-neo-1.3B,0.2,0.70699
origin1-5,EleutherAI_gpt-neo-1.3B,1.3,0.58723146
origin10-1,EleutherAI_gpt-neo-1.3B,0.2,0.7088627
origin10-1,EleutherAI_gpt-neo-1.3B,1.3,0.6178766
origin10-2,EleutherAI_gpt-neo-1.3B,0.2,0.7578628
origin10-2,EleutherAI_gpt-neo-1.3B,1.3,0.5741373
origin10-3,EleutherAI_gpt-neo-1.3B,0.2,0.69684637
origin10-3,EleutherAI_gpt-neo-1.3B,1.3,0.5191982
origin10-4,EleutherAI_gpt-neo-1.3B,0.2,0.6870899
origin10-4,EleutherAI_gpt-neo-1.3B,1.3,0.52294296
origin10-5,EleutherAI_gpt-neo-1.3B,0.2,0.74870735
origin10-5,EleutherAI_gpt-neo-1.3B,1.3,0.56833625
origin2-1,EleutherAI_gpt-neo-1.3B,0.2,0.7395626
origin2-1,EleutherAI_gpt-neo-1.3B,1.3,0.4984795
origin2-2,EleutherAI_gpt-neo-1.3B,0.2,0.74957883
origin2-2,EleutherAI_gpt-neo-1.3B,1.3,0.42545596
origin2-3,EleutherAI_gpt-neo-1.3B,0.2,0.61233187
origin2-3,EleutherAI_gpt-neo-1.3B,1.3,0.5321646
origin2-4,EleutherAI_gpt-neo-1.3B,0.2,0.75518465
origin2-4,EleutherAI_gpt-neo-1.3B,1.3,0.592296
origin2-5,EleutherAI_gpt-neo-1.3B,0.2,0.7648262
origin2-5,EleutherAI_gpt-neo-1.3B,1.3,0.49509934
origin3-1,EleutherAI_gpt-neo-1.3B,0.2,0.7353372
origin3-1,EleutherAI_gpt-neo-1.3B,1.3,0.49127117
origin3-2,EleutherAI_gpt-neo-1.3B,0.2,0.7256532
origin3-2,EleutherAI_gpt-neo-1.3B,1.3,0.5638462
origin3-3,EleutherAI_gpt-neo-1.3B,0.2,0.66745436
origin3-3,EleutherAI_gpt-neo-1.3B,1.3,0.5069677
origin3-4,EleutherAI_gpt-neo-1.3B,0.2,0.72823924
origin3-4,EleutherAI_gpt-neo-1.3B,1.3,0.5125307
origin3-5,EleutherAI_gpt-neo-1.3B,0.2,0.6707973
origin3-5,EleutherAI_gpt-neo-1.3B,1.3,0.5675414
origin4-1,EleutherAI_gpt-neo-1.3B,0.2,0.66264784
origin4-1,EleutherAI_gpt-neo-1.3B,1.3,0.57140493
origin4-2,EleutherAI_gpt-neo-1.3B,0.2,0.73498863
origin4-2,EleutherAI_gpt-neo-1.3B,1.3,0.5388008
origin4-3,EleutherAI_gpt-neo-1.3B,0.2,0.6988291
origin4-3,EleutherAI_gpt-neo-1.3B,1.3,0.42206523
origin4-4,EleutherAI_gpt-neo-1.3B,0.2,0.5656856
origin4-4,EleutherAI_gpt-neo-1.3B,1.3,0.5463359
origin4-5,EleutherAI_gpt-neo-1.3B,0.2,0.7146404
origin4-5,EleutherAI_gpt-neo-1.3B,1.3,0.53615993
origin5-1,EleutherAI_gpt-neo-1.3B,0.2,0.63211215
origin5-1,EleutherAI_gpt-neo-1.3B,1.3,0.5229682
origin5-2,EleutherAI_gpt-neo-1.3B,0.2,0.79361254
origin5-2,EleutherAI_gpt-neo-1.3B,1.3,0.50957966
origin5-3,EleutherAI_gpt-neo-1.3B,0.2,0.77002215
origin5-3,EleutherAI_gpt-neo-1.3B,1.3,0.57977915
origin5-4,EleutherAI_gpt-neo-1.3B,0.2,0.73657453
origin5-4,EleutherAI_gpt-neo-1.3B,1.3,0.42345822
origin5-5,EleutherAI_gpt-neo-1.3B,0.2,0.6922366
origin5-5,EleutherAI_gpt-neo-1.3B,1.3,0.59927
origin6-1,EleutherAI_gpt-neo-1.3B,0.2,0.72171396
origin6-1,EleutherAI_gpt-neo-1.3B,1.3,0.54053295
origin6-2,EleutherAI_gpt-neo-1.3B,0.2,0.7089376
origin6-2,EleutherAI_gpt-neo-1.3B,1.3,0.47819507
origin6-3,EleutherAI_gpt-neo-1.3B,0.2,0.7355623
origin6-3,EleutherAI_gpt-neo-1.3B,1.3,0.5693972
origin6-4,EleutherAI_gpt-neo-1.3B,0.2,0.7546689
origin6-4,EleutherAI_gpt-neo-1.3B,1.3,0.3962257
origin6-5,EleutherAI_gpt-neo-1.3B,0.2,0.75876796
origin6-5,EleutherAI_gpt-neo-1.3B,1.3,0.56214637
origin7-1,EleutherAI_gpt-neo-1.3B,0.2,0.68117386
origin7-1,EleutherAI_gpt-neo-1.3B,1.3,0.5026244
origin7-2,EleutherAI_gpt-neo-1.3B,0.2,0.73305047
origin7-2,EleutherAI_gpt-neo-1.3B,1.3,0.56816524
origin7-3,EleutherAI_gpt-neo-1.3B,0.2,0.74837893
origin7-3,EleutherAI_gpt-neo-1.3B,1.3,0.5967702
origin7-4,EleutherAI_gpt-neo-1.3B,0.2,0.8106864
origin7-4,EleutherAI_gpt-neo-1.3B,1.3,0.5347185
origin7-5,EleutherAI_gpt-neo-1.3B,0.2,0.7820152
origin7-5,EleutherAI_gpt-neo-1.3B,1.3,0.5179855
origin8-1,EleutherAI_gpt-neo-1.3B,0.2,0.7663769
origin8-1,EleutherAI_gpt-neo-1.3B,1.3,0.49712172
origin8-2,EleutherAI_gpt-neo-1.3B,0.2,0.7275347
origin8-2,EleutherAI_gpt-neo-1.3B,1.3,0.41734204
origin8-3,EleutherAI_gpt-neo-1.3B,0.2,0.7943736
origin8-3,EleutherAI_gpt-neo-1.3B,1.3,0.43799198
origin8-4,EleutherAI_gpt-neo-1.3B,0.2,0.70607585
origin8-4,EleutherAI_gpt-neo-1.3B,1.3,0.42023644
origin8-5,EleutherAI_gpt-neo-1.3B,0.2,0.7474435
origin8-5,EleutherAI_gpt-neo-1.3B,1.3,0.51800185
origin9-1,EleutherAI_gpt-neo-1.3B,0.2,0.72081417
origin9-1,EleutherAI_gpt-neo-1.3B,1.3,0.45336965
origin9-2,EleutherAI_gpt-neo-1.3B,0.2,0.7235177
origin9-2,EleutherAI_gpt-neo-1.3B,1.3,0.54246145
origin9-3,EleutherAI_gpt-neo-1.3B,0.2,0.7244883
origin9-3,EleutherAI_gpt-neo-1.3B,1.3,0.46105477
origin9-4,EleutherAI_gpt-neo-1.3B,0.2,0.758891
origin9-4,EleutherAI_gpt-neo-1.3B,1.3,0.4127425
origin9-5,EleutherAI_gpt-neo-1.3B,0.2,0.71170783
origin9-5,EleutherAI_gpt-neo-1.3B,1.3,0.66321963
origin1-1,gpt-3.5-turbo,0.2,0.43653607
origin1-1,gpt-3.5-turbo,1.3,0.39558804
origin1-2,gpt-3.5-turbo,0.2,0.18930659
origin1-2,gpt-3.5-turbo,1.3,0.19436835
origin1-3,gpt-3.5-turbo,0.2,0.23306753
origin1-3,gpt-3.5-turbo,1.3,0.280728
origin1-4,gpt-3.5-turbo,0.2,0.16845565
origin1-4,gpt-3.5-turbo,1.3,0.19186863
origin1-5,gpt-3.5-turbo,0.2,0.2902941
origin1-5,gpt-3.5-turbo,1.3,0.291884
origin10-1,gpt-3.5-turbo,0.2,0.41538173
origin10-1,gpt-3.5-turbo,1.3,0.36685392
origin10-2,gpt-3.5-turbo,0.2,0.4135223
origin10-2,gpt-3.5-turbo,1.3,0.4585418
origin10-3,gpt-3.5-turbo,0.2,0.49253204
origin10-3,gpt-3.5-turbo,1.3,0.5281687
origin10-4,gpt-3.5-turbo,0.2,0.47149768
origin10-4,gpt-3.5-turbo,1.3,0.4871866
origin10-5,gpt-3.5-turbo,0.2,0.50875735
origin10-5,gpt-3.5-turbo,1.3,0.50361764
origin2-1,gpt-3.5-turbo,0.2,0.30755803
origin2-1,gpt-3.5-turbo,1.3,0.30807626
origin2-2,gpt-3.5-turbo,0.2,0.3574351
origin2-2,gpt-3.5-turbo,1.3,0.3497999
origin2-3,gpt-3.5-turbo,0.2,0.41876736
origin2-3,gpt-3.5-turbo,1.3,0.480771
origin2-4,gpt-3.5-turbo,0.2,0.37319663
origin2-4,gpt-3.5-turbo,1.3,0.3475178
origin2-5,gpt-3.5-turbo,0.2,0.39524972
origin2-5,gpt-3.5-turbo,1.3,0.44633272
origin3-1,gpt-3.5-turbo,0.2,0.26215577
origin3-1,gpt-3.5-turbo,1.3,0.2689057
origin3-2,gpt-3.5-turbo,0.2,0.42629242
origin3-2,gpt-3.5-turbo,1.3,0.32396266
origin3-3,gpt-3.5-turbo,0.2,0.31563807
origin3-3,gpt-3.5-turbo,1.3,0.3159375
origin3-4,gpt-3.5-turbo,0.2,0.27844942
origin3-4,gpt-3.5-turbo,1.3,0.3247361
origin3-5,gpt-3.5-turbo,0.2,0.3289337
origin3-5,gpt-3.5-turbo,1.3,0.3445627
origin4-1,gpt-3.5-turbo,0.2,0.3412572
origin4-1,gpt-3.5-turbo,1.3,0.35754997
origin4-2,gpt-3.5-turbo,0.2,0.24740322
origin4-2,gpt-3.5-turbo,1.3,0.31427693
origin4-3,gpt-3.5-turbo,0.2,0.35042056
origin4-3,gpt-3.5-turbo,1.3,0.34334883
origin4-4,gpt-3.5-turbo,0.2,0.37434915
origin4-4,gpt-3.5-turbo,1.3,0.41435555
origin4-5,gpt-3.5-turbo,0.2,0.2679844
origin4-5,gpt-3.5-turbo,1.3,0.3144581
origin5-1,gpt-3.5-turbo,0.2,0.24007592
origin5-1,gpt-3.5-turbo,1.3,0.2469765
origin5-2,gpt-3.5-turbo,0.2,0.40226135
origin5-2,gpt-3.5-turbo,1.3,0.38618165
origin5-3,gpt-3.5-turbo,0.2,0.24349514
origin5-3,gpt-3.5-turbo,1.3,0.2716343
origin5-4,gpt-3.5-turbo,0.2,0.42364973
origin5-4,gpt-3.5-turbo,1.3,0.43295914
origin5-5,gpt-3.5-turbo,0.2,0.43722034
origin5-5,gpt-3.5-turbo,1.3,0.4457567
origin6-1,gpt-3.5-turbo,0.2,0.1761795
origin6-1,gpt-3.5-turbo,1.3,0.183377
origin6-2,gpt-3.5-turbo,0.2,0.4783584
origin6-2,gpt-3.5-turbo,1.3,0.41180998
origin6-3,gpt-3.5-turbo,0.2,0.54571784
origin6-3,gpt-3.5-turbo,1.3,0.48755518
origin6-4,gpt-3.5-turbo,0.2,0.5599016
origin6-4,gpt-3.5-turbo,1.3,0.5736209
origin6-5,gpt-3.5-turbo,0.2,0.5255168
origin6-5,gpt-3.5-turbo,1.3,0.5542142
origin7-1,gpt-3.5-turbo,0.2,0.3159049
origin7-1,gpt-3.5-turbo,1.3,0.3348983
origin7-2,gpt-3.5-turbo,0.2,0.49369994
origin7-2,gpt-3.5-turbo,1.3,0.50581956
origin7-3,gpt-3.5-turbo,0.2,0.38915762
origin7-3,gpt-3.5-turbo,1.3,0.52164257
origin7-4,gpt-3.5-turbo,0.2,0.5734907
origin7-4,gpt-3.5-turbo,1.3,0.47963127
origin7-5,gpt-3.5-turbo,0.2,0.51007485
origin7-5,gpt-3.5-turbo,1.3,0.5169467
origin8-1,gpt-3.5-turbo,0.2,0.34150445
origin8-1,gpt-3.5-turbo,1.3,0.39265257
origin8-2,gpt-3.5-turbo,0.2,0.43213892
origin8-2,gpt-3.5-turbo,1.3,0.41153914
origin8-3,gpt-3.5-turbo,0.2,0.54769146
origin8-3,gpt-3.5-turbo,1.3,0.5350484
origin8-4,gpt-3.5-turbo,0.2,0.5562198
origin8-4,gpt-3.5-turbo,1.3,0.60429734
origin8-5,gpt-3.5-turbo,0.2,0.5834444
origin8-5,gpt-3.5-turbo,1.3,0.5874706
origin9-1,gpt-3.5-turbo,0.2,0.3485977
origin9-1,gpt-3.5-turbo,1.3,0.35004336
origin9-2,gpt-3.5-turbo,0.2,0.68808913
origin9-2,gpt-3.5-turbo,1.3,0.74986565
origin9-3,gpt-3.5-turbo,0.2,0.52462566
origin9-3,gpt-3.5-turbo,1.3,0.56273293
origin9-4,gpt-3.5-turbo,0.2,0.6475436
origin9-4,gpt-3.5-turbo,1.3,0.62315834
origin9-5,gpt-3.5-turbo,0.2,0.50115556
origin9-5,gpt-3.5-turbo,1.3,0.48962703
origin1-1,meta-llama_Llama-2-7b-chat-hf,0.2,0.44720545
origin1-1,meta-llama_Llama-2-7b-chat-hf,1.3,0.46037772
origin1-2,meta-llama_Llama-2-7b-chat-hf,0.2,0.26628363
origin1-2,meta-llama_Llama-2-7b-chat-hf,1.3,0.32301143
origin1-3,meta-llama_Llama-2-7b-chat-hf,0.2,0.28254434
origin1-3,meta-llama_Llama-2-7b-chat-hf,1.3,0.28680122
origin1-4,meta-llama_Llama-2-7b-chat-hf,0.2,0.1617682
origin1-4,meta-llama_Llama-2-7b-chat-hf,1.3,0.31665283
origin1-5,meta-llama_Llama-2-7b-chat-hf,0.2,0.29189557
origin1-5,meta-llama_Llama-2-7b-chat-hf,1.3,0.29186386
origin10-1,meta-llama_Llama-2-7b-chat-hf,0.2,0.4290244
origin10-1,meta-llama_Llama-2-7b-chat-hf,1.3,0.46655527
origin10-2,meta-llama_Llama-2-7b-chat-hf,0.2,0.4033429
origin10-2,meta-llama_Llama-2-7b-chat-hf,1.3,0.38850555
origin10-3,meta-llama_Llama-2-7b-chat-hf,0.2,0.41126135
origin10-3,meta-llama_Llama-2-7b-chat-hf,1.3,0.49278182
origin10-4,meta-llama_Llama-2-7b-chat-hf,0.2,0.45780525
origin10-4,meta-llama_Llama-2-7b-chat-hf,1.3,0.5556801
origin10-5,meta-llama_Llama-2-7b-chat-hf,0.2,0.5362391
origin10-5,meta-llama_Llama-2-7b-chat-hf,1.3,0.5645602
origin2-1,meta-llama_Llama-2-7b-chat-hf,0.2,0.3977505
origin2-1,meta-llama_Llama-2-7b-chat-hf,1.3,0.45828563
origin2-2,meta-llama_Llama-2-7b-chat-hf,0.2,0.36148232
origin2-2,meta-llama_Llama-2-7b-chat-hf,1.3,0.4683306
origin2-3,meta-llama_Llama-2-7b-chat-hf,0.2,0.36989594
origin2-3,meta-llama_Llama-2-7b-chat-hf,1.3,0.50307876
origin2-4,meta-llama_Llama-2-7b-chat-hf,0.2,0.44212124
origin2-4,meta-llama_Llama-2-7b-chat-hf,1.3,0.45641267
origin2-5,meta-llama_Llama-2-7b-chat-hf,0.2,0.42274293
origin2-5,meta-llama_Llama-2-7b-chat-hf,1.3,0.43628338
origin3-1,meta-llama_Llama-2-7b-chat-hf,0.2,0.27837086
origin3-1,meta-llama_Llama-2-7b-chat-hf,1.3,0.33295038
origin3-2,meta-llama_Llama-2-7b-chat-hf,0.2,0.32946965
origin3-2,meta-llama_Llama-2-7b-chat-hf,1.3,0.35304394
origin3-3,meta-llama_Llama-2-7b-chat-hf,0.2,0.30907542
origin3-3,meta-llama_Llama-2-7b-chat-hf,1.3,0.37289292
origin3-4,meta-llama_Llama-2-7b-chat-hf,0.2,0.33308056
origin3-4,meta-llama_Llama-2-7b-chat-hf,1.3,0.3203354
origin3-5,meta-llama_Llama-2-7b-chat-hf,0.2,0.34373873
origin3-5,meta-llama_Llama-2-7b-chat-hf,1.3,0.3779881
origin4-1,meta-llama_Llama-2-7b-chat-hf,0.2,0.36383507
origin4-1,meta-llama_Llama-2-7b-chat-hf,1.3,0.38165814
origin4-2,meta-llama_Llama-2-7b-chat-hf,0.2,0.32004774
origin4-2,meta-llama_Llama-2-7b-chat-hf,1.3,0.5361697
origin4-3,meta-llama_Llama-2-7b-chat-hf,0.2,0.33388224
origin4-3,meta-llama_Llama-2-7b-chat-hf,1.3,0.43644634
origin4-4,meta-llama_Llama-2-7b-chat-hf,0.2,0.46424714
origin4-4,meta-llama_Llama-2-7b-chat-hf,1.3,0.46219155
origin4-5,meta-llama_Llama-2-7b-chat-hf,0.2,0.3497959
origin4-5,meta-llama_Llama-2-7b-chat-hf,1.3,0.31702745
origin5-1,meta-llama_Llama-2-7b-chat-hf,0.2,0.22721866
origin5-1,meta-llama_Llama-2-7b-chat-hf,1.3,0.23943895
origin5-2,meta-llama_Llama-2-7b-chat-hf,0.2,0.39022246
origin5-2,meta-llama_Llama-2-7b-chat-hf,1.3,0.47159228
origin5-3,meta-llama_Llama-2-7b-chat-hf,0.2,0.29641512
origin5-3,meta-llama_Llama-2-7b-chat-hf,1.3,0.43838146
origin5-4,meta-llama_Llama-2-7b-chat-hf,0.2,0.5418274
origin5-4,meta-llama_Llama-2-7b-chat-hf,1.3,0.49216694
origin5-5,meta-llama_Llama-2-7b-chat-hf,0.2,0.5312535
origin5-5,meta-llama_Llama-2-7b-chat-hf,1.3,0.6080006
origin6-1,meta-llama_Llama-2-7b-chat-hf,0.2,0.24135166
origin6-1,meta-llama_Llama-2-7b-chat-hf,1.3,0.3243553
origin6-2,meta-llama_Llama-2-7b-chat-hf,0.2,0.4429429
origin6-2,meta-llama_Llama-2-7b-chat-hf,1.3,0.46635956
origin6-3,meta-llama_Llama-2-7b-chat-hf,0.2,0.4788735
origin6-3,meta-llama_Llama-2-7b-chat-hf,1.3,0.46809036
origin6-4,meta-llama_Llama-2-7b-chat-hf,0.2,0.554716
origin6-4,meta-llama_Llama-2-7b-chat-hf,1.3,0.5706753
origin6-5,meta-llama_Llama-2-7b-chat-hf,0.2,0.5260931
origin6-5,meta-llama_Llama-2-7b-chat-hf,1.3,0.55752504
origin7-1,meta-llama_Llama-2-7b-chat-hf,0.2,0.3160831
origin7-1,meta-llama_Llama-2-7b-chat-hf,1.3,0.34965944
origin7-2,meta-llama_Llama-2-7b-chat-hf,0.2,0.5391028
origin7-2,meta-llama_Llama-2-7b-chat-hf,1.3,0.52459043
origin7-3,meta-llama_Llama-2-7b-chat-hf,0.2,0.47459447
origin7-3,meta-llama_Llama-2-7b-chat-hf,1.3,0.51199925
origin7-4,meta-llama_Llama-2-7b-chat-hf,0.2,0.65506744
origin7-4,meta-llama_Llama-2-7b-chat-hf,1.3,0.6483918
origin7-5,meta-llama_Llama-2-7b-chat-hf,0.2,0.51171637
origin7-5,meta-llama_Llama-2-7b-chat-hf,1.3,0.6490316
origin8-1,meta-llama_Llama-2-7b-chat-hf,0.2,0.40587413
origin8-1,meta-llama_Llama-2-7b-chat-hf,1.3,0.38230482
origin8-2,meta-llama_Llama-2-7b-chat-hf,0.2,0.45301443
origin8-2,meta-llama_Llama-2-7b-chat-hf,1.3,0.44198623
origin8-3,meta-llama_Llama-2-7b-chat-hf,0.2,0.50272006
origin8-3,meta-llama_Llama-2-7b-chat-hf,1.3,0.59441197
origin8-4,meta-llama_Llama-2-7b-chat-hf,0.2,0.6390964
origin8-4,meta-llama_Llama-2-7b-chat-hf,1.3,0.6276451
origin8-5,meta-llama_Llama-2-7b-chat-hf,0.2,0.6092386
origin8-5,meta-llama_Llama-2-7b-chat-hf,1.3,0.6743498
origin9-1,meta-llama_Llama-2-7b-chat-hf,0.2,0.35583568
origin9-1,meta-llama_Llama-2-7b-chat-hf,1.3,0.3473318
origin9-2,meta-llama_Llama-2-7b-chat-hf,0.2,0.6802414
origin9-2,meta-llama_Llama-2-7b-chat-hf,1.3,0.66439676
origin9-3,meta-llama_Llama-2-7b-chat-hf,0.2,0.56047267
origin9-3,meta-llama_Llama-2-7b-chat-hf,1.3,0.5720717
origin9-4,meta-llama_Llama-2-7b-chat-hf,0.2,0.68840724
origin9-4,meta-llama_Llama-2-7b-chat-hf,1.3,0.6694126
origin9-5,meta-llama_Llama-2-7b-chat-hf,0.2,0.55486655
origin9-5,meta-llama_Llama-2-7b-chat-hf,1.3,0.5881982
origin1-1,mistralai_Mistral-7B-Instruct-v0.2,0.2,0.4136843
origin1-1,mistralai_Mistral-7B-Instruct-v0.2,1.3,0.43064654
origin1-2,mistralai_Mistral-7B-Instruct-v0.2,0.2,0.23726071
origin1-2,mistralai_Mistral-7B-Instruct-v0.2,1.3,0.22269829
origin1-3,mistralai_Mistral-7B-Instruct-v0.2,0.2,0.25537348
origin1-3,mistralai_Mistral-7B-Instruct-v0.2,1.3,0.30788776
origin1-4,mistralai_Mistral-7B-Instruct-v0.2,0.2,0.16954419
origin1-4,mistralai_Mistral-7B-Instruct-v0.2,1.3,0.24090463
origin1-5,mistralai_Mistral-7B-Instruct-v0.2,0.2,0.26306084
origin1-5,mistralai_Mistral-7B-Instruct-v0.2,1.3,0.3347377
origin10-1,mistralai_Mistral-7B-Instruct-v0.2,0.2,0.34310907
origin10-1,mistralai_Mistral-7B-Instruct-v0.2,1.3,0.385317
origin10-2,mistralai_Mistral-7B-Instruct-v0.2,0.2,0.39924905
origin10-2,mistralai_Mistral-7B-Instruct-v0.2,1.3,0.3734628
origin10-3,mistralai_Mistral-7B-Instruct-v0.2,0.2,0.50378895
origin10-3,mistralai_Mistral-7B-Instruct-v0.2,1.3,0.5203595
origin10-4,mistralai_Mistral-7B-Instruct-v0.2,0.2,0.50685775
origin10-4,mistralai_Mistral-7B-Instruct-v0.2,1.3,0.5512323
origin10-5,mistralai_Mistral-7B-Instruct-v0.2,0.2,0.513643
origin10-5,mistralai_Mistral-7B-Instruct-v0.2,1.3,0.5348597
origin2-1,mistralai_Mistral-7B-Instruct-v0.2,0.2,0.3660982
origin2-1,mistralai_Mistral-7B-Instruct-v0.2,1.3,0.36754858
origin2-2,mistralai_Mistral-7B-Instruct-v0.2,0.2,0.38798088
origin2-2,mistralai_Mistral-7B-Instruct-v0.2,1.3,0.42688242
origin2-3,mistralai_Mistral-7B-Instruct-v0.2,0.2,0.47339463
origin2-3,mistralai_Mistral-7B-Instruct-v0.2,1.3,0.44291818
origin2-4,mistralai_Mistral-7B-Instruct-v0.2,0.2,0.4159106
origin2-4,mistralai_Mistral-7B-Instruct-v0.2,1.3,0.4173934
origin2-5,mistralai_Mistral-7B-Instruct-v0.2,0.2,0.42893133
origin2-5,mistralai_Mistral-7B-Instruct-v0.2,1.3,0.41177985
origin3-1,mistralai_Mistral-7B-Instruct-v0.2,0.2,0.29779258
origin3-1,mistralai_Mistral-7B-Instruct-v0.2,1.3,0.29205865
origin3-2,mistralai_Mistral-7B-Instruct-v0.2,0.2,0.3471861
origin3-2,mistralai_Mistral-7B-Instruct-v0.2,1.3,0.3510629
origin3-3,mistralai_Mistral-7B-Instruct-v0.2,0.2,0.3251172
origin3-3,mistralai_Mistral-7B-Instruct-v0.2,1.3,0.38236746
origin3-4,mistralai_Mistral-7B-Instruct-v0.2,0.2,0.37104347
origin3-4,mistralai_Mistral-7B-Instruct-v0.2,1.3,0.3385498
origin3-5,mistralai_Mistral-7B-Instruct-v0.2,0.2,0.34881017
origin3-5,mistralai_Mistral-7B-Instruct-v0.2,1.3,0.36592743
origin4-1,mistralai_Mistral-7B-Instruct-v0.2,0.2,0.32703087
origin4-1,mistralai_Mistral-7B-Instruct-v0.2,1.3,0.36051992
origin4-2,mistralai_Mistral-7B-Instruct-v0.2,0.2,0.3682589
origin4-2,mistralai_Mistral-7B-Instruct-v0.2,1.3,0.38850966
origin4-3,mistralai_Mistral-7B-Instruct-v0.2,0.2,0.36295283
origin4-3,mistralai_Mistral-7B-Instruct-v0.2,1.3,0.5023658
origin4-4,mistralai_Mistral-7B-Instruct-v0.2,0.2,0.41345716
origin4-4,mistralai_Mistral-7B-Instruct-v0.2,1.3,0.39594087
origin4-5,mistralai_Mistral-7B-Instruct-v0.2,0.2,0.33458334
origin4-5,mistralai_Mistral-7B-Instruct-v0.2,1.3,0.32920817
origin5-1,mistralai_Mistral-7B-Instruct-v0.2,0.2,0.23851335
origin5-1,mistralai_Mistral-7B-Instruct-v0.2,1.3,0.2932746
origin5-2,mistralai_Mistral-7B-Instruct-v0.2,0.2,0.3784792
origin5-2,mistralai_Mistral-7B-Instruct-v0.2,1.3,0.45759577
origin5-3,mistralai_Mistral-7B-Instruct-v0.2,0.2,0.25868577
origin5-3,mistralai_Mistral-7B-Instruct-v0.2,1.3,0.29928735
origin5-4,mistralai_Mistral-7B-Instruct-v0.2,0.2,0.42610154
origin5-4,mistralai_Mistral-7B-Instruct-v0.2,1.3,0.4905734
origin5-5,mistralai_Mistral-7B-Instruct-v0.2,0.2,0.5046129
origin5-5,mistralai_Mistral-7B-Instruct-v0.2,1.3,0.4373066
origin6-1,mistralai_Mistral-7B-Instruct-v0.2,0.2,0.20582753
origin6-1,mistralai_Mistral-7B-Instruct-v0.2,1.3,0.2770168
origin6-2,mistralai_Mistral-7B-Instruct-v0.2,0.2,0.37325364
origin6-2,mistralai_Mistral-7B-Instruct-v0.2,1.3,0.43019447
origin6-3,mistralai_Mistral-7B-Instruct-v0.2,0.2,0.48056525
origin6-3,mistralai_Mistral-7B-Instruct-v0.2,1.3,0.49636927
origin6-4,mistralai_Mistral-7B-Instruct-v0.2,0.2,0.57598126
origin6-4,mistralai_Mistral-7B-Instruct-v0.2,1.3,0.56186205
origin6-5,mistralai_Mistral-7B-Instruct-v0.2,0.2,0.46796748
origin6-5,mistralai_Mistral-7B-Instruct-v0.2,1.3,0.49550402
origin7-1,mistralai_Mistral-7B-Instruct-v0.2,0.2,0.29482204
origin7-1,mistralai_Mistral-7B-Instruct-v0.2,1.3,0.31535736
origin7-2,mistralai_Mistral-7B-Instruct-v0.2,0.2,0.47814056
origin7-2,mistralai_Mistral-7B-Instruct-v0.2,1.3,0.52831215
origin7-3,mistralai_Mistral-7B-Instruct-v0.2,0.2,0.51561856
origin7-3,mistralai_Mistral-7B-Instruct-v0.2,1.3,0.48208967
origin7-4,mistralai_Mistral-7B-Instruct-v0.2,0.2,0.57080454
origin7-4,mistralai_Mistral-7B-Instruct-v0.2,1.3,0.59085286
origin7-5,mistralai_Mistral-7B-Instruct-v0.2,0.2,0.5566589
origin7-5,mistralai_Mistral-7B-Instruct-v0.2,1.3,0.5475839
origin8-1,mistralai_Mistral-7B-Instruct-v0.2,0.2,0.4045626
origin8-1,mistralai_Mistral-7B-Instruct-v0.2,1.3,0.46003187
origin8-2,mistralai_Mistral-7B-Instruct-v0.2,0.2,0.41906732
origin8-2,mistralai_Mistral-7B-Instruct-v0.2,1.3,0.42523608
origin8-3,mistralai_Mistral-7B-Instruct-v0.2,0.2,0.48524824
origin8-3,mistralai_Mistral-7B-Instruct-v0.2,1.3,0.51774675
origin8-4,mistralai_Mistral-7B-Instruct-v0.2,0.2,0.5631658
origin8-4,mistralai_Mistral-7B-Instruct-v0.2,1.3,0.5598669
origin8-5,mistralai_Mistral-7B-Instruct-v0.2,0.2,0.5863751
origin8-5,mistralai_Mistral-7B-Instruct-v0.2,1.3,0.5825089
origin9-1,mistralai_Mistral-7B-Instruct-v0.2,0.2,0.30925864
origin9-1,mistralai_Mistral-7B-Instruct-v0.2,1.3,0.3546197
origin9-2,mistralai_Mistral-7B-Instruct-v0.2,0.2,0.66609424
origin9-2,mistralai_Mistral-7B-Instruct-v0.2,1.3,0.6505887
origin9-3,mistralai_Mistral-7B-Instruct-v0.2,0.2,0.54337317
origin9-3,mistralai_Mistral-7B-Instruct-v0.2,1.3,0.5464748
origin9-4,mistralai_Mistral-7B-Instruct-v0.2,0.2,0.62094975
origin9-4,mistralai_Mistral-7B-Instruct-v0.2,1.3,0.6386673
origin9-5,mistralai_Mistral-7B-Instruct-v0.2,0.2,0.4591725
origin9-5,mistralai_Mistral-7B-Instruct-v0.2,1.3,0.51007426
origin1-1,HuggingFaceTB_SmolLM-360M,0.2,0.58259755
origin1-1,HuggingFaceTB_SmolLM-360M,1.3,0.49094552
origin1-2,HuggingFaceTB_SmolLM-360M,0.2,0.59022784
origin1-2,HuggingFaceTB_SmolLM-360M,1.3,0.5356409
origin1-3,HuggingFaceTB_SmolLM-360M,0.2,0.59470516
origin1-3,HuggingFaceTB_SmolLM-360M,1.3,0.42264834
origin1-4,HuggingFaceTB_SmolLM-360M,0.2,0.5322534
origin1-4,HuggingFaceTB_SmolLM-360M,1.3,0.55924016
origin1-5,HuggingFaceTB_SmolLM-360M,0.2,0.6929815
origin1-5,HuggingFaceTB_SmolLM-360M,1.3,0.52256894
origin10-1,HuggingFaceTB_SmolLM-360M,0.2,0.64035743
origin10-1,HuggingFaceTB_SmolLM-360M,1.3,0.45387745
origin10-2,HuggingFaceTB_SmolLM-360M,0.2,0.5817303
origin10-2,HuggingFaceTB_SmolLM-360M,1.3,0.538028
origin10-3,HuggingFaceTB_SmolLM-360M,0.2,0.7053189
origin10-3,HuggingFaceTB_SmolLM-360M,1.3,0.4702697
origin10-4,HuggingFaceTB_SmolLM-360M,0.2,0.68870604
origin10-4,HuggingFaceTB_SmolLM-360M,1.3,0.56281805
origin10-5,HuggingFaceTB_SmolLM-360M,0.2,0.66116697
origin10-5,HuggingFaceTB_SmolLM-360M,1.3,0.5025384
origin2-1,HuggingFaceTB_SmolLM-360M,0.2,0.6999048
origin2-1,HuggingFaceTB_SmolLM-360M,1.3,0.42231897
origin2-2,HuggingFaceTB_SmolLM-360M,0.2,0.66771525
origin2-2,HuggingFaceTB_SmolLM-360M,1.3,0.43417087
origin2-3,HuggingFaceTB_SmolLM-360M,0.2,0.6751642
origin2-3,HuggingFaceTB_SmolLM-360M,1.3,0.5204747
origin2-4,HuggingFaceTB_SmolLM-360M,0.2,0.6370678
origin2-4,HuggingFaceTB_SmolLM-360M,1.3,0.48099267
origin2-5,HuggingFaceTB_SmolLM-360M,0.2,0.62623626
origin2-5,HuggingFaceTB_SmolLM-360M,1.3,0.4815553
origin3-1,HuggingFaceTB_SmolLM-360M,0.2,0.5979189
origin3-1,HuggingFaceTB_SmolLM-360M,1.3,0.4161674
origin3-2,HuggingFaceTB_SmolLM-360M,0.2,0.6223308
origin3-2,HuggingFaceTB_SmolLM-360M,1.3,0.59832543
origin3-3,HuggingFaceTB_SmolLM-360M,0.2,0.6055695
origin3-3,HuggingFaceTB_SmolLM-360M,1.3,0.54626566
origin3-4,HuggingFaceTB_SmolLM-360M,0.2,0.65010655
origin3-4,HuggingFaceTB_SmolLM-360M,1.3,0.37489966
origin3-5,HuggingFaceTB_SmolLM-360M,0.2,0.62444127
origin3-5,HuggingFaceTB_SmolLM-360M,1.3,0.5320258
origin4-1,HuggingFaceTB_SmolLM-360M,0.2,0.5602867
origin4-1,HuggingFaceTB_SmolLM-360M,1.3,0.43810585
origin4-2,HuggingFaceTB_SmolLM-360M,0.2,0.50019467
origin4-2,HuggingFaceTB_SmolLM-360M,1.3,0.47788355
origin4-3,HuggingFaceTB_SmolLM-360M,0.2,0.4819939
origin4-3,HuggingFaceTB_SmolLM-360M,1.3,0.4816519
origin4-4,HuggingFaceTB_SmolLM-360M,0.2,0.5328514
origin4-4,HuggingFaceTB_SmolLM-360M,1.3,0.44437
origin4-5,HuggingFaceTB_SmolLM-360M,0.2,0.6199469
origin4-5,HuggingFaceTB_SmolLM-360M,1.3,0.4066471
origin5-1,HuggingFaceTB_SmolLM-360M,0.2,0.3635077
origin5-1,HuggingFaceTB_SmolLM-360M,1.3,0.5059779
origin5-2,HuggingFaceTB_SmolLM-360M,0.2,0.49822935
origin5-2,HuggingFaceTB_SmolLM-360M,1.3,0.5939715
origin5-3,HuggingFaceTB_SmolLM-360M,0.2,0.45978048
origin5-3,HuggingFaceTB_SmolLM-360M,1.3,0.50607884
origin5-4,HuggingFaceTB_SmolLM-360M,0.2,0.6337426
origin5-4,HuggingFaceTB_SmolLM-360M,1.3,0.4169227
origin5-5,HuggingFaceTB_SmolLM-360M,0.2,0.66151196
origin5-5,HuggingFaceTB_SmolLM-360M,1.3,0.38198766
origin6-1,HuggingFaceTB_SmolLM-360M,0.2,0.3987201
origin6-1,HuggingFaceTB_SmolLM-360M,1.3,0.57777643
origin6-2,HuggingFaceTB_SmolLM-360M,0.2,0.56450295
origin6-2,HuggingFaceTB_SmolLM-360M,1.3,0.4245148
origin6-3,HuggingFaceTB_SmolLM-360M,0.2,0.61006707
origin6-3,HuggingFaceTB_SmolLM-360M,1.3,0.46741736
origin6-4,HuggingFaceTB_SmolLM-360M,0.2,0.61549443
origin6-4,HuggingFaceTB_SmolLM-360M,1.3,0.534447
origin6-5,HuggingFaceTB_SmolLM-360M,0.2,0.5775057
origin6-5,HuggingFaceTB_SmolLM-360M,1.3,0.5078586
origin7-1,HuggingFaceTB_SmolLM-360M,0.2,0.56863904
origin7-1,HuggingFaceTB_SmolLM-360M,1.3,0.46472162
origin7-2,HuggingFaceTB_SmolLM-360M,0.2,0.5586621
origin7-2,HuggingFaceTB_SmolLM-360M,1.3,0.45864177
origin7-3,HuggingFaceTB_SmolLM-360M,0.2,0.66130155
origin7-3,HuggingFaceTB_SmolLM-360M,1.3,0.5754274
origin7-4,HuggingFaceTB_SmolLM-360M,0.2,0.7225833
origin7-4,HuggingFaceTB_SmolLM-360M,1.3,0.4818673
origin7-5,HuggingFaceTB_SmolLM-360M,0.2,0.64164966
origin7-5,HuggingFaceTB_SmolLM-360M,1.3,0.52492446
origin8-1,HuggingFaceTB_SmolLM-360M,0.2,0.6140744
origin8-1,HuggingFaceTB_SmolLM-360M,1.3,0.4559772
origin8-2,HuggingFaceTB_SmolLM-360M,0.2,0.5735717
origin8-2,HuggingFaceTB_SmolLM-360M,1.3,0.6299104
origin8-3,HuggingFaceTB_SmolLM-360M,0.2,0.54317313
origin8-3,HuggingFaceTB_SmolLM-360M,1.3,0.50802886
origin8-4,HuggingFaceTB_SmolLM-360M,0.2,0.62522817
origin8-4,HuggingFaceTB_SmolLM-360M,1.3,0.4465289
origin8-5,HuggingFaceTB_SmolLM-360M,0.2,0.6511012
origin8-5,HuggingFaceTB_SmolLM-360M,1.3,0.52349126
origin9-1,HuggingFaceTB_SmolLM-360M,0.2,0.5737019
origin9-1,HuggingFaceTB_SmolLM-360M,1.3,0.48323172
origin9-2,HuggingFaceTB_SmolLM-360M,0.2,0.7493567
origin9-2,HuggingFaceTB_SmolLM-360M,1.3,0.5072525
origin9-3,HuggingFaceTB_SmolLM-360M,0.2,0.64722335
origin9-3,HuggingFaceTB_SmolLM-360M,1.3,0.47607577
origin9-4,HuggingFaceTB_SmolLM-360M,0.2,0.6910765
origin9-4,HuggingFaceTB_SmolLM-360M,1.3,0.51156545
origin9-5,HuggingFaceTB_SmolLM-360M,0.2,0.6733516
origin9-5,HuggingFaceTB_SmolLM-360M,1.3,0.6318558
origin1-1,microsoft_phi-2,0.2,0.47288063
origin1-1,microsoft_phi-2,1.3,0.7574107
origin1-2,microsoft_phi-2,0.2,0.3115039
origin1-2,microsoft_phi-2,1.3,0.6828488
origin1-3,microsoft_phi-2,0.2,0.32583168
origin1-3,microsoft_phi-2,1.3,0.6001026
origin1-4,microsoft_phi-2,0.2,0.31145433
origin1-4,microsoft_phi-2,1.3,0.6927605
origin1-5,microsoft_phi-2,0.2,0.43426883
origin1-5,microsoft_phi-2,1.3,0.7153586
origin10-1,microsoft_phi-2,0.2,0.43928528
origin10-1,microsoft_phi-2,1.3,0.63740134
origin10-2,microsoft_phi-2,0.2,0.47157606
origin10-2,microsoft_phi-2,1.3,0.57982844
origin10-3,microsoft_phi-2,0.2,0.5852682
origin10-3,microsoft_phi-2,1.3,0.6966894
origin10-4,microsoft_phi-2,0.2,0.5748108
origin10-4,microsoft_phi-2,1.3,0.73110986
origin10-5,microsoft_phi-2,0.2,0.49075222
origin10-5,microsoft_phi-2,1.3,0.63242924
origin2-1,microsoft_phi-2,0.2,0.3523965
origin2-1,microsoft_phi-2,1.3,0.63602144
origin2-2,microsoft_phi-2,0.2,0.5124778
origin2-2,microsoft_phi-2,1.3,0.69133705
origin2-3,microsoft_phi-2,0.2,0.48535773
origin2-3,microsoft_phi-2,1.3,0.68812364
origin2-4,microsoft_phi-2,0.2,0.41820315
origin2-4,microsoft_phi-2,1.3,0.52449155
origin2-5,microsoft_phi-2,0.2,0.40720838
origin2-5,microsoft_phi-2,1.3,0.6413557
origin3-1,microsoft_phi-2,0.2,0.26441833
origin3-1,microsoft_phi-2,1.3,0.6542688
origin3-2,microsoft_phi-2,0.2,0.47857165
origin3-2,microsoft_phi-2,1.3,0.707164
origin3-3,microsoft_phi-2,0.2,0.40247062
origin3-3,microsoft_phi-2,1.3,0.59521073
origin3-4,microsoft_phi-2,0.2,0.45704272
origin3-4,microsoft_phi-2,1.3,0.6019367
origin3-5,microsoft_phi-2,0.2,0.43911368
origin3-5,microsoft_phi-2,1.3,0.59962237
origin4-1,microsoft_phi-2,0.2,0.42680627
origin4-1,microsoft_phi-2,1.3,0.7043947
origin4-2,microsoft_phi-2,0.2,0.32064086
origin4-2,microsoft_phi-2,1.3,0.59239024
origin4-3,microsoft_phi-2,0.2,0.43556505
origin4-3,microsoft_phi-2,1.3,0.59072125
origin4-4,microsoft_phi-2,0.2,0.5067766
origin4-4,microsoft_phi-2,1.3,0.61242586
origin4-5,microsoft_phi-2,0.2,0.3769268
origin4-5,microsoft_phi-2,1.3,0.6782084
origin5-1,microsoft_phi-2,0.2,0.33084172
origin5-1,microsoft_phi-2,1.3,0.6340979
origin5-2,microsoft_phi-2,0.2,0.39664978
origin5-2,microsoft_phi-2,1.3,0.67761683
origin5-3,microsoft_phi-2,0.2,0.30482388
origin5-3,microsoft_phi-2,1.3,0.63617015
origin5-4,microsoft_phi-2,0.2,0.52632767
origin5-4,microsoft_phi-2,1.3,0.6484467
origin5-5,microsoft_phi-2,0.2,0.43763453
origin5-5,microsoft_phi-2,1.3,0.65095615
origin6-1,microsoft_phi-2,0.2,0.15596822
origin6-1,microsoft_phi-2,1.3,0.6922037
origin6-2,microsoft_phi-2,0.2,0.47348684
origin6-2,microsoft_phi-2,1.3,0.6316648
origin6-3,microsoft_phi-2,0.2,0.60463244
origin6-3,microsoft_phi-2,1.3,0.69185764
origin6-4,microsoft_phi-2,0.2,0.55705386
origin6-4,microsoft_phi-2,1.3,0.74601775
origin6-5,microsoft_phi-2,0.2,0.5819546
origin6-5,microsoft_phi-2,1.3,0.64791805
origin7-1,microsoft_phi-2,0.2,0.34303564
origin7-1,microsoft_phi-2,1.3,0.7160841
origin7-2,microsoft_phi-2,0.2,0.5647781
origin7-2,microsoft_phi-2,1.3,0.595839
origin7-3,microsoft_phi-2,0.2,0.5525021
origin7-3,microsoft_phi-2,1.3,0.65710914
origin7-4,microsoft_phi-2,0.2,0.5956204
origin7-4,microsoft_phi-2,1.3,0.68886673
origin7-5,microsoft_phi-2,0.2,0.5523442
origin7-5,microsoft_phi-2,1.3,0.6936698
origin8-1,microsoft_phi-2,0.2,0.43558183
origin8-1,microsoft_phi-2,1.3,0.6373066
origin8-2,microsoft_phi-2,0.2,0.50853586
origin8-2,microsoft_phi-2,1.3,0.67973006
origin8-3,microsoft_phi-2,0.2,0.5450598
origin8-3,microsoft_phi-2,1.3,0.7854194
origin8-4,microsoft_phi-2,0.2,0.6228305
origin8-4,microsoft_phi-2,1.3,0.67224646
origin8-5,microsoft_phi-2,0.2,0.6141405
origin8-5,microsoft_phi-2,1.3,0.64217466
origin9-1,microsoft_phi-2,0.2,0.47721636
origin9-1,microsoft_phi-2,1.3,0.72332674
origin9-2,microsoft_phi-2,0.2,0.74529994
origin9-2,microsoft_phi-2,1.3,0.6838474
origin9-3,microsoft_phi-2,0.2,0.6446271
origin9-3,microsoft_phi-2,1.3,0.7529114
origin9-4,microsoft_phi-2,0.2,0.6995408
origin9-4,microsoft_phi-2,1.3,0.7060865
origin9-5,microsoft_phi-2,0.2,0.51434994
origin9-5,microsoft_phi-2,1.3,0.6860071
origin1-1,mythomax-I2-13B-Q6,0.2,0.41024745
origin1-1,mythomax-I2-13B-Q6,1.3,0.46267098
origin1-2,mythomax-I2-13B-Q6,0.2,0.18287618
origin1-2,mythomax-I2-13B-Q6,1.3,0.24763125
origin1-3,mythomax-I2-13B-Q6,0.2,0.34563154
origin1-3,mythomax-I2-13B-Q6,1.3,0.3762169
origin1-4,mythomax-I2-13B-Q6,0.2,0.27983508
origin1-4,mythomax-I2-13B-Q6,1.3,0.27496505
origin1-5,mythomax-I2-13B-Q6,0.2,0.48921233
origin1-5,mythomax-I2-13B-Q6,1.3,0.52121615
origin10-1,mythomax-I2-13B-Q6,0.2,0.46758032
origin10-1,mythomax-I2-13B-Q6,1.3,0.5553868
origin10-2,mythomax-I2-13B-Q6,0.2,0.5210484
origin10-2,mythomax-I2-13B-Q6,1.3,0.57068646
origin10-3,mythomax-I2-13B-Q6,0.2,0.45816883
origin10-3,mythomax-I2-13B-Q6,1.3,0.5590367
origin10-4,mythomax-I2-13B-Q6,0.2,0.5588558
origin10-4,mythomax-I2-13B-Q6,1.3,0.5915597
origin10-5,mythomax-I2-13B-Q6,0.2,0.48227015
origin10-5,mythomax-I2-13B-Q6,1.3,0.50647545
origin2-1,mythomax-I2-13B-Q6,0.2,0.31042394
origin2-1,mythomax-I2-13B-Q6,1.3,0.34314924
origin2-2,mythomax-I2-13B-Q6,0.2,0.37359717
origin2-2,mythomax-I2-13B-Q6,1.3,0.38627508
origin2-3,mythomax-I2-13B-Q6,0.2,0.41127622
origin2-3,mythomax-I2-13B-Q6,1.3,0.40636328
origin2-4,mythomax-I2-13B-Q6,0.2,0.3709796
origin2-4,mythomax-I2-13B-Q6,1.3,0.40799823
origin2-5,mythomax-I2-13B-Q6,0.2,0.44029438
origin2-5,mythomax-I2-13B-Q6,1.3,0.47601378
origin3-1,mythomax-I2-13B-Q6,0.2,0.2556793
origin3-1,mythomax-I2-13B-Q6,1.3,0.27885583
origin3-2,mythomax-I2-13B-Q6,0.2,0.417094
origin3-2,mythomax-I2-13B-Q6,1.3,0.3601525
origin3-3,mythomax-I2-13B-Q6,0.2,0.35001287
origin3-3,mythomax-I2-13B-Q6,1.3,0.34471336
origin3-4,mythomax-I2-13B-Q6,0.2,0.40728465
origin3-4,mythomax-I2-13B-Q6,1.3,0.4196222
origin3-5,mythomax-I2-13B-Q6,0.2,0.34945866
origin3-5,mythomax-I2-13B-Q6,1.3,0.35349593
origin4-1,mythomax-I2-13B-Q6,0.2,0.3896358
origin4-1,mythomax-I2-13B-Q6,1.3,0.39655
origin4-2,mythomax-I2-13B-Q6,0.2,0.2849742
origin4-2,mythomax-I2-13B-Q6,1.3,0.3828266
origin4-3,mythomax-I2-13B-Q6,0.2,0.43674898
origin4-3,mythomax-I2-13B-Q6,1.3,0.44012585
origin4-4,mythomax-I2-13B-Q6,0.2,0.4391193
origin4-4,mythomax-I2-13B-Q6,1.3,0.44022515
origin4-5,mythomax-I2-13B-Q6,0.2,0.34251767
origin4-5,mythomax-I2-13B-Q6,1.3,0.35316214
origin5-1,mythomax-I2-13B-Q6,0.2,0.23603426
origin5-1,mythomax-I2-13B-Q6,1.3,0.25148562
origin5-2,mythomax-I2-13B-Q6,0.2,0.36694813
origin5-2,mythomax-I2-13B-Q6,1.3,0.42711854
origin5-3,mythomax-I2-13B-Q6,0.2,0.30827963
origin5-3,mythomax-I2-13B-Q6,1.3,0.28039804
origin5-4,mythomax-I2-13B-Q6,0.2,0.5516527
origin5-4,mythomax-I2-13B-Q6,1.3,0.45410094
origin5-5,mythomax-I2-13B-Q6,0.2,0.522018
origin5-5,mythomax-I2-13B-Q6,1.3,0.45587778
origin6-1,mythomax-I2-13B-Q6,0.2,0.16658118
origin6-1,mythomax-I2-13B-Q6,1.3,0.24055806
origin6-2,mythomax-I2-13B-Q6,0.2,0.39471778
origin6-2,mythomax-I2-13B-Q6,1.3,0.49433693
origin6-3,mythomax-I2-13B-Q6,0.2,0.5281638
origin6-3,mythomax-I2-13B-Q6,1.3,0.59208906
origin6-4,mythomax-I2-13B-Q6,0.2,0.6294908
origin6-4,mythomax-I2-13B-Q6,1.3,0.6003347
origin6-5,mythomax-I2-13B-Q6,0.2,0.5378413
origin6-5,mythomax-I2-13B-Q6,1.3,0.54243475
origin7-1,mythomax-I2-13B-Q6,0.2,0.38477156
origin7-1,mythomax-I2-13B-Q6,1.3,0.38106006
origin7-2,mythomax-I2-13B-Q6,0.2,0.5330744
origin7-2,mythomax-I2-13B-Q6,1.3,0.5200279
origin7-3,mythomax-I2-13B-Q6,0.2,0.505502
origin7-3,mythomax-I2-13B-Q6,1.3,0.5326612
origin7-4,mythomax-I2-13B-Q6,0.2,0.59270597
origin7-4,mythomax-I2-13B-Q6,1.3,0.6912199
origin7-5,mythomax-I2-13B-Q6,0.2,0.49823144
origin7-5,mythomax-I2-13B-Q6,1.3,0.60524267
origin8-1,mythomax-I2-13B-Q6,0.2,0.4177387
origin8-1,mythomax-I2-13B-Q6,1.3,0.4927927
origin8-2,mythomax-I2-13B-Q6,0.2,0.56360173
origin8-2,mythomax-I2-13B-Q6,1.3,0.4288191
origin8-3,mythomax-I2-13B-Q6,0.2,0.52774316
origin8-3,mythomax-I2-13B-Q6,1.3,0.52086127
origin8-4,mythomax-I2-13B-Q6,0.2,0.60833913
origin8-4,mythomax-I2-13B-Q6,1.3,0.62352616
origin8-5,mythomax-I2-13B-Q6,0.2,0.62895805
origin8-5,mythomax-I2-13B-Q6,1.3,0.6693274
origin9-1,mythomax-I2-13B-Q6,0.2,0.41153723
origin9-1,mythomax-I2-13B-Q6,1.3,0.47337893
origin9-2,mythomax-I2-13B-Q6,0.2,0.7183139
origin9-2,mythomax-I2-13B-Q6,1.3,0.74153733
origin9-3,mythomax-I2-13B-Q6,0.2,0.58968353
origin9-3,mythomax-I2-13B-Q6,1.3,0.60467327
origin9-4,mythomax-I2-13B-Q6,0.2,0.69711596
origin9-4,mythomax-I2-13B-Q6,1.3,0.69097114
origin9-5,mythomax-I2-13B-Q6,0.2,0.52238107
origin9-5,mythomax-I2-13B-Q6,1.3,0.61881363
origin1-1,openchat-3.5-1210,0.2,0.39617172
origin1-1,openchat-3.5-1210,1.3,0.54915094
origin1-2,openchat-3.5-1210,0.2,0.24155474
origin1-2,openchat-3.5-1210,1.3,0.37967017
origin1-3,openchat-3.5-1210,0.2,0.26909152
origin1-3,openchat-3.5-1210,1.3,0.33177787
origin1-4,openchat-3.5-1210,0.2,0.17810093
origin1-4,openchat-3.5-1210,1.3,0.30433333
origin1-5,openchat-3.5-1210,0.2,0.3360793
origin1-5,openchat-3.5-1210,1.3,0.42951143
origin10-1,openchat-3.5-1210,0.2,0.36980307
origin10-1,openchat-3.5-1210,1.3,0.5065805
origin10-2,openchat-3.5-1210,0.2,0.3796615
origin10-2,openchat-3.5-1210,1.3,0.4979587
origin10-3,openchat-3.5-1210,0.2,0.5123451
origin10-3,openchat-3.5-1210,1.3,0.582169
origin10-4,openchat-3.5-1210,0.2,0.44522575
origin10-4,openchat-3.5-1210,1.3,0.585746
origin10-5,openchat-3.5-1210,0.2,0.5198218
origin10-5,openchat-3.5-1210,1.3,0.5183287
origin2-1,openchat-3.5-1210,0.2,0.36067703
origin2-1,openchat-3.5-1210,1.3,0.3774268
origin2-2,openchat-3.5-1210,0.2,0.37373644
origin2-2,openchat-3.5-1210,1.3,0.42776245
origin2-3,openchat-3.5-1210,0.2,0.3829345
origin2-3,openchat-3.5-1210,1.3,0.5365095
origin2-4,openchat-3.5-1210,0.2,0.30546767
origin2-4,openchat-3.5-1210,1.3,0.4665204
origin2-5,openchat-3.5-1210,0.2,0.44904703
origin2-5,openchat-3.5-1210,1.3,0.5138722
origin3-1,openchat-3.5-1210,0.2,0.3208197
origin3-1,openchat-3.5-1210,1.3,0.33819035
origin3-2,openchat-3.5-1210,0.2,0.2882084
origin3-2,openchat-3.5-1210,1.3,0.4326759
origin3-3,openchat-3.5-1210,0.2,0.32766655
origin3-3,openchat-3.5-1210,1.3,0.42898706
origin3-4,openchat-3.5-1210,0.2,0.35395333
origin3-4,openchat-3.5-1210,1.3,0.45150742
origin3-5,openchat-3.5-1210,0.2,0.33347175
origin3-5,openchat-3.5-1210,1.3,0.39899662
origin4-1,openchat-3.5-1210,0.2,0.38949564
origin4-1,openchat-3.5-1210,1.3,0.4235856
origin4-2,openchat-3.5-1210,0.2,0.2775853
origin4-2,openchat-3.5-1210,1.3,0.36352983
origin4-3,openchat-3.5-1210,0.2,0.32345662
origin4-3,openchat-3.5-1210,1.3,0.39179295
origin4-4,openchat-3.5-1210,0.2,0.41121984
origin4-4,openchat-3.5-1210,1.3,0.522191
origin4-5,openchat-3.5-1210,0.2,0.36198586
origin4-5,openchat-3.5-1210,1.3,0.5088304
origin5-1,openchat-3.5-1210,0.2,0.27711704
origin5-1,openchat-3.5-1210,1.3,0.30289006
origin5-2,openchat-3.5-1210,0.2,0.34824175
origin5-2,openchat-3.5-1210,1.3,0.4782508
origin5-3,openchat-3.5-1210,0.2,0.2117284
origin5-3,openchat-3.5-1210,1.3,0.25902227
origin5-4,openchat-3.5-1210,0.2,0.43512008
origin5-4,openchat-3.5-1210,1.3,0.507599
origin5-5,openchat-3.5-1210,0.2,0.44000596
origin5-5,openchat-3.5-1210,1.3,0.54820585
origin6-1,openchat-3.5-1210,0.2,0.1984519
origin6-1,openchat-3.5-1210,1.3,0.3152202
origin6-2,openchat-3.5-1210,0.2,0.369533
origin6-2,openchat-3.5-1210,1.3,0.41994265
origin6-3,openchat-3.5-1210,0.2,0.5280031
origin6-3,openchat-3.5-1210,1.3,0.5785044
origin6-4,openchat-3.5-1210,0.2,0.52457416
origin6-4,openchat-3.5-1210,1.3,0.5832669
origin6-5,openchat-3.5-1210,0.2,0.4677651
origin6-5,openchat-3.5-1210,1.3,0.5784318
origin7-1,openchat-3.5-1210,0.2,0.2912225
origin7-1,openchat-3.5-1210,1.3,0.31226054
origin7-2,openchat-3.5-1210,0.2,0.5247102
origin7-2,openchat-3.5-1210,1.3,0.55733037
origin7-3,openchat-3.5-1210,0.2,0.5206734
origin7-3,openchat-3.5-1210,1.3,0.5646255
origin7-4,openchat-3.5-1210,0.2,0.63015777
origin7-4,openchat-3.5-1210,1.3,0.6531806
origin7-5,openchat-3.5-1210,0.2,0.5695208
origin7-5,openchat-3.5-1210,1.3,0.6333973
origin8-1,openchat-3.5-1210,0.2,0.45851585
origin8-1,openchat-3.5-1210,1.3,0.5473037
origin8-2,openchat-3.5-1210,0.2,0.47086668
origin8-2,openchat-3.5-1210,1.3,0.45895588
origin8-3,openchat-3.5-1210,0.2,0.5116905
origin8-3,openchat-3.5-1210,1.3,0.51396877
origin8-4,openchat-3.5-1210,0.2,0.591699
origin8-4,openchat-3.5-1210,1.3,0.61861295
origin8-5,openchat-3.5-1210,0.2,0.6203788
origin8-5,openchat-3.5-1210,1.3,0.5814169
origin9-1,openchat-3.5-1210,0.2,0.3689387
origin9-1,openchat-3.5-1210,1.3,0.3672439
origin9-2,openchat-3.5-1210,0.2,0.6617454
origin9-2,openchat-3.5-1210,1.3,0.6982843
origin9-3,openchat-3.5-1210,0.2,0.51435864
origin9-3,openchat-3.5-1210,1.3,0.5687447
origin9-4,openchat-3.5-1210,0.2,0.6944951
origin9-4,openchat-3.5-1210,1.3,0.6283512
origin9-5,openchat-3.5-1210,0.2,0.55959284
origin9-5,openchat-3.5-1210,1.3,0.6004947
